sample_id,chart_id,representative_sample_id,chart_type,split,selection_reason,pseudo_gold,raw_geometry_value,raw_absolute_error,raw_axis_normalized_error,calibrated_absolute_error,calibrated_axis_normalized_error,overlay_file,overlay_sha256
fgmvp_0001,63534e777ffe73a3e8737b25bf41765f8ca458ca43c2ce783eed06d15215c4fc,10,line,test,all_line_samples,47.0,47.43636445360507,0.4363644536050728,0.0043225574755052,0.9066900716196572,0.0089815288909692,examples/debug_overlays/fgmvp_0001.png,1c8e91f434933590e0dc7c37d7ea38052c500fa75bdbaca175f40d2248a4e77a
fgmvp_0004,ce8bb0ba270a7a51320b183e8628563b88c2cadab27076c9bb68a841b03bd7ad,1356,line,train,all_line_samples,4.4,4.465759907999843,0.0657599079998423,0.0055992542734187,0.1210841995929694,0.0103099478487112,examples/debug_overlays/fgmvp_0004.png,50ddac7a49e5ff49e9e2b942144a0660104591f561b71522db1d203a54d402fb
fgmvp_0005,85d858a9afe8d0632f51fdff401cee14790005b5c45c7708841553a6fca9dadc,3990,bar,train,train_bar_error_quantile,8.0,7.942086498187209,0.0579135018127914,0.005723201891718,0.0134754942283938,0.0013316924662764,examples/debug_overlays/fgmvp_0005.png,baf02ca9c1ec4ddc96cccf7e40cdc590bc2ad311bcfb33851929b23bcab61658
fgmvp_0006,0984f9f91153f4c634fe36acbd2e613ca604ad4dbdd5f14e90deb6fb1ca58447,1339,line,train,all_line_samples,16.0,15.788494003900931,0.211505996099067,0.0069375617841352,0.0660461079232366,0.0021663638987544,examples/debug_overlays/fgmvp_0006.png,e5301449f78ebec23f99993a097c07903e40d3d4d45d19578de5076c6e1d8398
fgmvp_0008,61e21ce6de0d5fd0f81a3ca77dccc7f099f90340094a3b293267e82705005f9b,5038,line,train,all_line_samples,17.5,17.617312847264117,0.1173128472641167,0.0028194054273409,0.311513676855597,0.0074866766232367,examples/debug_overlays/fgmvp_0008.png,857c8d72e001e91b13ec867643ec332dca65982055ccbea8cedbd1d7892b9f22
fgmvp_0009,b903ba8b9dbe032a463994aca84c8faf054f1c906907ae936ffa2c1679f8c874,5214,bar,test,all_test_bar_samples,35.0,34.63754881628864,0.3624511837113644,0.0079586990155807,0.1624494699875569,0.0035670636349781,examples/debug_overlays/fgmvp_0009.png,e5f21b213a7a39ab362ec2b254842c71f9925f775c1a74ab24d0e0b72bd28635
fgmvp_0010,ddd5a57d534dcad58790a9de7dcd8ada3a777c48cdcd35541f50d82a17c31ea8,2300,bar,test,all_test_bar_samples,13.2,13.187260386347116,0.012739613652883,0.000700452906856,0.0672455176553139,0.0036973113626599,examples/debug_overlays/fgmvp_0010.png,67e97f742bb5c081ce8f1418671adfdad7631496143b8216d0440a7ac0277eab
fgmvp_0011,04d180c537e20cda970f86db695a0c0112ac3ccd016024251d2f6fdc782f2c50,4736,line,train,all_line_samples,30.0,29.633144966576342,0.3668550334236578,0.0080488711466888,0.1522330779786109,0.0033400234896018,examples/debug_overlays/fgmvp_0011.png,432050c328cf915ea3918dd5c16d9d67ff769dcd0f2812c55da9fc3129d0785a
fgmvp_0012,07291264ea3375d81863c45d5381d2a6b4aa964eafa847155c953f273eada49c,801,line,train,all_line_samples,75.0,73.81497898945409,1.1850210105459098,0.0293505632061409,0.9941192644408688,0.024622314748641,examples/debug_overlays/fgmvp_0012.png,435a2f7200c028dab39179b81c19e9c7280c7f85915203f2e13a3f74e1245a54
fgmvp_0017,2299bdb915a90a685d20abce3696ca7a7ecce5c65583c0c45b03286b808815bc,1687,line,train,all_line_samples,7.0,6.124699391459274,0.8753006085407264,0.024662389369003,0.7022325538169909,0.0197860397911721,examples/debug_overlays/fgmvp_0017.png,dd813db133ca6c433cdddbc5bf4e9bbd122c948c1ebe0f0e6ffb0d0fb1378a08
fgmvp_0018,2248cf613c21b6c59108d6336a58f37996a264eb4d5057860063723eaa6eb615,1515,bar,train,train_bar_error_quantile,300.0,299.9179128589176,0.0820871410824111,0.0002380989905359,1.4273873010232023,0.0041402279455232,examples/debug_overlays/fgmvp_0018.png,2208c12a0bc90ed4c8b37c64db4fd660cbfe513acd5e4f31c31a32852ca728b4
fgmvp_0020,eed22fe6e4f0cc57f853141845971691f8ebb2861c663a183e4793d03ff68e82,171,line,test,all_line_samples,7.17,7.070763112604591,0.099236887395409,0.0452520165827995,0.0889275724733673,0.040550969401113,examples/debug_overlays/fgmvp_0020.png,3f52d2a04019656d2bd520076d89675fe0b739f89b5c448e9b3a29fe6e396b21
fgmvp_0023,69fa6f61c59e9617b0bb8a8876634be294098e986fca2fddae6c2a20626ebaf2,5465,bar,train,train_bar_error_quantile,48.0,47.72300031888504,0.2769996811149653,0.003420998186802,0.0802002660778811,0.0009904883779256,examples/debug_overlays/fgmvp_0023.png,d9226cd57a13b099c709eb38ace3569f06a0c8cf86346d45ae60316e95338ad3
fgmvp_0025,cd292e261fcf22bcd300366b04e42834cf48b4b0ce865cb7dcbf258f36d3de91,190,line,test,all_line_samples,35.0,5.366614528328512,29.633385471671488,0.1827099750140662,28.86726814768064,0.1779863406774487,examples/debug_overlays/fgmvp_0025.png,aa30711ea417e33e80f874149e9c4f4a4cb2202b700d977e84e7ba6ae84fd0e2
fgmvp_0026,c349c55fd9afe5690ffca5b87838c1b55fee74b66d00ab09c659a1f7f761d3f2,1538,bar,train,train_bar_error_quantile,10.0,9.77754297307157,0.2224570269284296,0.0137355274716684,0.1507315848980166,0.009306866381348,examples/debug_overlays/fgmvp_0026.png,c167bfb36370fe860b9305983e4859bf8efd63ddae3465f3a98d6a54f0ac7e4a
fgmvp_0027,a8049e206e876ab4ee4c13e7354108806dfd89161f9a133bd5341e005fdd002c,5087,bar,test,all_test_bar_samples,9.5,9.4231871769621,0.0768128230379012,0.0038120039322378,0.0124120074363496,0.000615972949347,examples/debug_overlays/fgmvp_0027.png,63db8c040237935f9e75e5b7a6fbd9f66d83db3634b39acbf7041deba0139a11
fgmvp_0028,0b29203f223af5db5593570dc213d2ab9231fd234ec685e0e7babafffc197885,454,line,train,all_line_samples,24.0,24.420468603007805,0.4204686030078051,0.0085985985152962,0.65272297404535,0.013348209011035,examples/debug_overlays/fgmvp_0028.png,4db6c44313f0d83162686e1f781586e6b3849d6e432e16be3e187fe56bbbebf8
fgmvp_0033,d63df85f351099bf1cc3cc024caa29c19a8260b7fad8c47b88cd9998d4781f83,1023,line,train,all_line_samples,68.0,66.89194646294827,1.108053537051731,0.0549144187841877,1.0129205528709662,0.0501996894333006,examples/debug_overlays/fgmvp_0033.png,bdbce7f000bb1da881eaf6adaa9dff17c36085dc7c800b857a482e4a1fb56934
fgmvp_0035,d3f516e48b08a0ecef02bacf431259dfd52b71d833f60edbc3dfa4e60b6c33a6,7646,bar,test,all_test_bar_samples,1.2,1.1959051017842373,0.0040948982157626,0.0028820125096544,0.0021228016269747,0.0014940397836766,examples/debug_overlays/fgmvp_0035.png,0c79715c6b60b45cd04b18b5e6f841bb5cf2151c73ea9ca5e58392e001ad7220
fgmvp_0036,d18b81f1b93d3cd5b126e03cb859624f4d73fe274b615b8c6c3daa9a7df9c5cd,2097,bar,test,all_test_bar_samples,25.0,24.95315822111976,0.0468417788802391,0.0015370031624703,0.0869258735652138,0.0028522687601558,examples/debug_overlays/fgmvp_0036.png,bea8e00311e35b5c32b0851855aa2508f8dc72f92ccbfa4de579b9696648cfc1
fgmvp_0037,d06513beafeca7f3e1dc8da074a588cc5d0c935e67fdd01ac8c2acef9142d58f,1239,line,test,all_line_samples,16.0,15.949644757090532,0.0503552429094682,0.0022631772742556,0.0556023217396273,0.0024990031561006,examples/debug_overlays/fgmvp_0037.png,0d32bca27d5c5c2d5207809e7a2eb3b176325e061654a17f4355e2c896abf478
fgmvp_0040,2a6cb688ecc10d292c729ab031e3cd051a46617a5f14a587e6f455447e18c5a1,5213,line,train,all_line_samples,8.0,7.37694291022347,0.6230570897765304,0.0122120021952898,0.3791690299285246,0.0074317636406863,examples/debug_overlays/fgmvp_0040.png,1ac6b715832392abb8d32d1267bc2ab638ec6f1c62449acb96b0e1c11bd5501b
fgmvp_0041,3570cd6566e81f7ef55f3b2ae5b5c7e35bd82e702597c16f2be5984a8e9d85c3,1869,bar,train,train_bar_error_quantile,18.9,18.764367816091955,0.1356321839080436,0.004446956849444,0.0013970594588101,4.580522815771116e-05,examples/debug_overlays/fgmvp_0041.png,a6e00e22651cb1756b548a64ae7925a451f54cba87dbe98d225e4d44287d79e2
fgmvp_0043,4e134f86b7106e0d34f3eb6716459454737b738ad14f804e07e254d18bd829d8,556,line,train,all_line_samples,20.0,13.019029762739528,6.980970237260472,0.1215656986486502,6.697508129047435,0.116629526733547,examples/debug_overlays/fgmvp_0043.png,bb108d37790fd96c4ef1221a1744ae76f0dab7d9889653d022843f42488e94f9
fgmvp_0046,02fbe52b0addee5150272781d9f1cd9034dff40bb5674f6f804a0c50ef7cda29,1191,line,train,all_line_samples,2.9,2.883511869752531,0.016488130247469,0.0029587923560201,0.0092116114765397,0.0016530222174583,examples/debug_overlays/fgmvp_0046.png,19843c44da5843c5a5677463532948a28e3341a9486ef48d2faa61c3df46cb2e
fgmvp_0050,ecd4d5c7ea2637ca9ae5fac111d3d436bede5a1ed521129f1c287eb68cb3f22e,7079,bar,test,all_test_bar_samples,3.9,3.828148317883958,0.0718516821160419,0.0088748781926965,0.035961628247652,0.0044418594096865,examples/debug_overlays/fgmvp_0050.png,e082e4794e132e8b7d1c9093bf0e0bf30bf14cdf5a8592925bcd008ad2e3184e
fgmvp_0052,a812edb9bbf14bdb57c1e7ab7f75fb3293660606bb79b4551c28c38e7d673ceb,1500,bar,test,all_test_bar_samples,29.0,29.037371699271866,0.037371699271862,0.0023039398561365,0.1085707360821892,0.0066933120768788,examples/debug_overlays/fgmvp_0052.png,585b0d392dd302126d654e708a2c3384c968f9411f1e0481507faeec93f5ec9c
fgmvp_0054,17c6c561c6276c4aab1b6bd0697280bd78983f4ae29059d03539d20ac7c11daa,4187,bar,test,all_test_bar_samples,59.0,58.17554866120564,0.8244513387943613,0.0058974168482941,0.2070376520045229,0.0014809695608575,examples/debug_overlays/fgmvp_0054.png,295334f29dd07919bf9c9113aa278afc90d03cd00dbbebfea12176010ac02e11
fgmvp_0058,18bb8b3f69e5fc0f73dbc3c6ed1ad5be56eb13eec281030ca09805d9b2333be6,2214,bar,test,all_test_bar_samples,100.4,99.6149258817515,0.7850741182485024,0.0055319435039649,0.1610668971952975,0.0011349412175644,examples/debug_overlays/fgmvp_0058.png,f3982d90ddacceeec3bac70ba6dc3df73261f3d9618d74397515f4c3165d7df1
fgmvp_0059,da8227279fa53d8478e6d3278ee08bf02b508e108a5f6e96efffd4b1649dc0fe,3129,bar,train,train_bar_error_quantile,688.0,675.8808367517393,12.119163248260747,0.0072700120485183,4.738570594877956,0.0028425613725816,examples/debug_overlays/fgmvp_0059.png,0e9201e68fd9808d35add83353ec4780d1fa285c5e9a130ca63f4506e36980a6
fgmvp_0067,82394dbe9e5ffd0d8e62d047229e5095f1b0dac53296d913a9e4a65565770576,2386,bar,test,all_test_bar_samples,15.0,14.839221739515908,0.1607782604840935,0.0032475318246357,0.0580323960482616,0.001172186167826,examples/debug_overlays/fgmvp_0067.png,b4fd582892ac11f454d59f2d4efa4340615a0faeb6d29f2b40612932ad47648a
fgmvp_0068,ae0fbfa81783e9a42d131f0e3068f6510f1174fde6b5bee18c2445a1e510a4db,282,bar,test,all_test_bar_samples,42.7,42.670009051779886,0.0299909482201172,0.0024551716061356,0.0236095760425172,0.0019327685242578,examples/debug_overlays/fgmvp_0068.png,4493f13be79e6d9d54bc10e9374c52971e22ab5a097e30ec4e29d0fd0e84f80c
fgmvp_0074,65fed7b10054d8f2200ccfc59fa01a9560b109e468758931c0e0cc023b6e69ac,5772,bar,train,train_bar_error_quantile,6.0,5.959594612812081,0.0404053871879188,0.0022163924138658,0.0405317960382412,0.0022233264302532,examples/debug_overlays/fgmvp_0074.png,7b82a53af01f08efe35036a5ff2a4de964097ad809261649d9ddd1b6ada35e74
fgmvp_0075,b8dc979da31a72808058dc616c7cd4504129a10d31af0d2155e5b16455e61827,878,bar,test,all_test_bar_samples,1.5,1.4771943211059075,0.0228056788940924,0.0058390638272297,0.0052798404645553,0.0013518266925224,examples/debug_overlays/fgmvp_0075.png,1695bc525e1474c9fe445f09ded1304ad6c8a4244e0e4ad17e60da5ed9983dd8
fgmvp_0076,7bdb29b657afc5581db608a80ae61a0287d8dbfe1fcb24c036c6f90e8e5e2643,218,bar,test,all_test_bar_samples,381.0,375.4487983141718,5.551201685828175,0.004539778506689,0.1385814854266982,0.0001133320827761,examples/debug_overlays/fgmvp_0076.png,92dbf91d64c8c88b37b0355b158db80e877ab61af9e636c3f9ebbfc941d770fc
fgmvp_0078,ace8e5f4b2d818db4454f4100daee1cf7521458feeb21eadb1f85c1323b50a1c,2230,bar,test,all_test_bar_samples,20.2,20.00476969761761,0.195230302382388,0.0031970024381989,0.0759982073149529,0.0012445120000314,examples/debug_overlays/fgmvp_0078.png,56ced49bc66435c6b1271a6fad3e7637e954e7596eaaacb4c2dc495fca22d7c0
fgmvp_0079,231d575a3bb0ec3e43be3dc0f2c283c235657d98062655b6180966c87ea43c65,3384,bar,test,all_test_bar_samples,8.8,8.754321867710015,0.0456781322899857,0.0041031464617947,0.0041387860291042,0.0003717762614205,examples/debug_overlays/fgmvp_0079.png,7474bc6b6093080c0a333fc382f1781047a8ba85fabf0e3cd06bda2d5a3cfe02
fgmvp_0080,6035ec2e1197ba04f0b9b73df44571ebb1e53294fd2df5d2162e51957306be05,32,bar,test,all_test_bar_samples,14.6,14.576616137701697,0.0233838622983046,0.0016412712397857,0.0397339133703571,0.0027888519196264,examples/debug_overlays/fgmvp_0080.png,e4f2d647676fba9a8ace542eacc01e622fc10acfe4f8cdce3f077302786f53b6
fgmvp_0082,f8397d215b66ea8f32c900fc81ef9bcad597bd641f9de2e4e04dac4f7bf96944,2084,bar,test,all_test_bar_samples,5.1,5.098980197608768,0.001019802391232,7.250137741013333e-05,0.0626383989640553,0.0044531864630883,examples/debug_overlays/fgmvp_0082.png,a00e2cbcd1f7a8fa0c19f5b56508220f1143f5d1ec73ed8e059b813ebf72f5cd
fgmvp_0084,2053449d42ad9411eae99b9d96ecb200c559ad0439b321a562320c1168e72f23,2624,bar,test,all_test_bar_samples,8.0,7.745170176042656,0.2548298239573441,0.0075640247413713,0.1043009472794684,0.0030959286221632,examples/debug_overlays/fgmvp_0084.png,138b80d2558265570f0302eb3ebc1d9f9bb8c09214a3a75fadd62c051ac83a62
