sample_id,chart_id,representative_sample_id,chart_type,split,pseudo_gold,axis_span,raw_value,predicted_error,calibrated_value,raw_absolute_error,calibrated_absolute_error,raw_relative_error,calibrated_relative_error,raw_axis_normalized_error,calibrated_axis_normalized_error,raw_value_for_metric,calibrated_value_for_metric
fgmvp_0000,4e7ce11fec61c5286c550fd7d939fd3ab7d2fcc2e1d6164cde0df759006cc890,1110,bar,train,100.0,111.07609201726909,98.76132227207304,0.49935289325049254,99.26067516532353,1.2386777279269552,0.7393248346764665,0.012386777279269552,0.0073932483467646646,0.011151614226168283,0.006656021302599691,98.76132227207304,99.26067516532353
fgmvp_0001,63534e777ffe73a3e8737b25bf41765f8ca458ca43c2ce783eed06d15215c4fc,10,line,test,47.0,100.95052664489157,47.43636445360507,0.4703256180145853,47.90669007161966,0.4363644536050728,0.9066900716196571,0.009284350076703677,0.01929127811956717,0.004322557475505298,0.008981528890969273,47.43636445360507,47.90669007161966
fgmvp_0002,eb74e3a162cd33b6bdf70ffb71ec3d75a753eb4abe6450a1408314f6ce4ecd3d,6208,bar,train,14.9,18.187680468148674,14.8934898913431,0.07980357251187203,14.973293463854972,0.006510108656900826,0.07329346385497182,0.0004369200440873037,0.004919024419796766,0.000357940566874468,0.0040298411874635474,14.8934898913431,14.973293463854972
fgmvp_0003,2d3031df1d40645906510aa74552eb3edbdf9ab97e47dd0b2a35467b375d5784,4829,bar,train,0.28,0.3499578344206996,0.27708981480831213,0.001532938861831706,0.27862275367014383,0.0029101851916878974,0.0013772463298561965,0.01039351854174249,0.004918736892343558,0.008315816665471293,0.003935463631314361,0.27708981480831213,0.27862275367014383
fgmvp_0004,ce8bb0ba270a7a51320b183e8628563b88c2cadab27076c9bb68a841b03bd7ad,1356,line,train,4.4,11.744404663317944,4.465759907999843,0.055324291593127344,4.52108419959297,0.06575990799984233,0.12108419959296945,0.0149454336363278,0.02751913627112942,0.00559925427341877,0.010309947848711271,4.465759907999843,4.52108419959297
fgmvp_0005,85d858a9afe8d0632f51fdff401cee14790005b5c45c7708841553a6fca9dadc,3990,bar,train,8.0,10.119073712321233,7.942086498187209,0.044438007584397414,7.986524505771606,0.057913501812791424,0.013475494228393892,0.007239187726598928,0.0016844367785492365,0.005723201891718065,0.001331692466276414,7.942086498187209,7.986524505771606
fgmvp_0006,0984f9f91153f4c634fe36acbd2e613ca604ad4dbdd5f14e90deb6fb1ca58447,1339,line,train,16.0,30.487079276574967,15.788494003900933,0.1454598881758308,15.933953892076763,0.21150599609906706,0.06604610792323662,0.013219124756191691,0.004127881745202289,0.006937561784135212,0.0021663638987544395,15.788494003900933,15.933953892076763
fgmvp_0007,e17a5d5583f5de76f80fa88399622762c910d6aa96de608586d6be1231155eaf,1928,bar,train,34.0,45.62001616009478,34.50994223612524,0.20126892085599038,34.71121115698123,0.5099422361252408,0.7112111569812285,0.014998301062507083,0.02091797520533025,0.011178037165434038,0.015589892701602036,34.50994223612524,34.71121115698123
fgmvp_0008,61e21ce6de0d5fd0f81a3ca77dccc7f099f90340094a3b293267e82705005f9b,5038,line,train,17.5,41.60907336223649,17.617312847264117,0.19420082959148055,17.811513676855597,0.11731284726411673,0.31151367685559705,0.006703591272235241,0.017800781534605545,0.002819405427340936,0.0074866766232367064,17.617312847264117,17.811513676855597
fgmvp_0009,b903ba8b9dbe032a463994aca84c8faf054f1c906907ae936ffa2c1679f8c874,5214,bar,test,35.0,45.54151162166,34.637548816288636,0.20000171372380615,34.83755053001244,0.3624511837113644,0.16244946998755694,0.010355748106038983,0.004641413428215913,0.007958699015580743,0.0035670636349781227,34.637548816288636,34.83755053001244
fgmvp_0010,ddd5a57d534dcad58790a9de7dcd8ada3a777c48cdcd35541f50d82a17c31ea8,2300,bar,test,13.2,18.187680468148674,13.187260386347116,0.07998513130819775,13.267245517655313,0.012739613652883008,0.06724551765531395,0.000965122246430531,0.005094357398129845,0.0007004529068560096,0.0036973113626599177,13.187260386347116,13.267245517655313
fgmvp_0011,04d180c537e20cda970f86db695a0c0112ac3ccd016024251d2f6fdc782f2c50,4736,line,train,30.0,45.57844531708974,29.633144966576342,0.21462195544504545,29.84776692202139,0.3668550334236578,0.15223307797861096,0.012228501114121926,0.005074435932620366,0.00804887114668882,0.003340023489601802,29.633144966576342,29.84776692202139
fgmvp_0012,07291264ea3375d81863c45d5381d2a6b4aa964eafa847155c953f273eada49c,801,line,train,75.0,40.37472815165501,73.81497898945409,0.19090174610504435,74.00588073555913,1.1850210105459098,0.9941192644408687,0.01580028014061213,0.013254923525878249,0.029350563206140975,0.02462231474864106,73.81497898945409,74.00588073555913
fgmvp_0013,f1d40aa21987750e8179647ae782b8b4b51a915699584e4f9370ae3afe789094,2512,bar,train,21.4,30.497172771251517,21.206198160209432,0.13416337349298,21.340361533702414,0.19380183979056653,0.05963846629758507,0.00905616073787694,0.0027868442195133213,0.0063547477415105144,0.001955540821600483,21.206198160209432,21.340361533702414
fgmvp_0014,5d753d0bfff6fb1f9f39897470fcb185c25ad7ddfd8c07fd87bd4e13704a9671,4459,bar,train,52.1,11.097549197110304,52.06191493213881,0.04856666507519911,52.11048159721401,0.03808506786118926,0.010481597214010208,0.0007309993831322314,0.00020118228817677942,0.003431844922219966,0.0009444965755808062,52.06191493213881,52.11048159721401
fgmvp_0015,41b6f61021b3f66a2b866d3a59504adb7637cf45b818c8d9c20202d0eb13fe1c,4268,bar,train,7.2,8.105736635737454,7.135901639131492,0.03550993853188688,7.171411577663379,0.06409836086850795,0.028588422336620845,0.008902550120626105,0.0039706142134195615,0.007907777386438159,0.0035269369856623634,7.135901639131492,7.171411577663379
fgmvp_0016,ebaa929cc7a5fe4976ef33944033187910384cb02e46bf293843fcb64721bd9c,2467,bar,train,29.5,40.351906064460316,29.32814003540549,0.17822740908771725,29.506367444493208,0.17185996459451047,0.006367444493207586,0.005825761511678321,0.0002158455760409351,0.004259029655748407,0.00015779786171775593,29.32814003540549,29.506367444493208
fgmvp_0017,2299bdb915a90a685d20abce3696ca7a7ecce5c65583c0c45b03286b808815bc,1687,line,train,7.0,35.491314140099085,6.124699391459274,0.1730680547237351,6.297767446183009,0.8753006085407264,0.7022325538169909,0.12504294407724664,0.10031893625957013,0.024662389369003026,0.01978603979117214,6.124699391459274,6.297767446183009
fgmvp_0018,2248cf613c21b6c59108d6336a58f37996a264eb4d5057860063723eaa6eb615,1515,bar,train,300.0,344.7605590331314,299.9179128589176,1.5094744421056225,301.4273873010232,0.08208714108241111,1.4273873010232023,0.000273623803608037,0.004757957670077341,0.0002380989905359869,0.004140227945523289,299.9179128589176,301.4273873010232
fgmvp_0019,5d1c7791a81855d279794d637f23b0b950f1e1b641b33b9af78ee4ce30fe2960,7344,bar,train,0.81,1.009553185274441,0.8080373978050843,0.004424483384274608,0.8124618811893589,0.00196260219491573,0.002461881189358861,0.0024229656727354693,0.0030393594930356307,0.0019440305112624733,0.00243858493566103,0.8080373978050843,0.8124618811893589
fgmvp_0020,eed22fe6e4f0cc57f853141845971691f8ebb2861c663a183e4793d03ff68e82,171,line,test,7.17,2.192982653354928,7.070763112604591,0.010309314922042066,7.081072427526633,0.09923688739540903,0.08892757247336736,0.013840570069094706,0.012402729773133522,0.04525201658279958,0.04055096940111303,7.070763112604591,7.081072427526633
fgmvp_0021,859985823fb9f665b64de0e78e12e02c17933f96779ef9b89b6d22a4e9048d35,3218,bar,train,10.4,14.172927998112176,10.274002648437333,0.06236122335514559,10.336363871792479,0.1259973515626669,0.06363612820752174,0.01211512995794874,0.006118858481492475,0.008890001528226887,0.004489977527296973,10.274002648437333,10.336363871792479
fgmvp_0022,c2dbced08b36e465094b3f0c1d6ce788187f37ea862c965fe262ec8f0da597ac,7462,bar,train,29.0,16.20112540920542,28.910329325508766,0.07088130072200827,28.981210626230773,0.08967067449123434,0.01878937376922707,0.003092092223835667,0.0006479094403181748,0.005534842316588932,0.0011597573189916187,28.910329325508766,28.981210626230773
fgmvp_0023,69fa6f61c59e9617b0bb8a8876634be294098e986fca2fddae6c2a20626ebaf2,5465,bar,train,48.0,80.9704261708195,47.723000318885035,0.3571999471928472,48.08020026607788,0.2769996811149653,0.08020026607788111,0.00577082668989511,0.001670838876622523,0.003420998186802082,0.0009904883779256193,47.723000318885035,48.08020026607788
fgmvp_0024,684f6ac269d0ca76c0110a35a7bea1790f8452c58961c6bd6f5e40707304b02a,2645,bar,train,21.3,30.518257380881014,21.11664649034006,0.13417517129922388,21.250821661639282,0.18335350965994124,0.0491783383607185,0.00860814599342447,0.002308842176559554,0.006007994079465625,0.0016114399242050956,21.11664649034006,21.250821661639282
fgmvp_0025,cd292e261fcf22bcd300366b04e42834cf48b4b0ce865cb7dcbf258f36d3de91,190,line,test,35.0,162.18810970441052,5.366614528328512,0.7661173239908473,6.132731852319359,29.633385471671488,28.86726814768064,0.8466681563334711,0.8247790899337326,0.18270997501406627,0.17798634067744873,5.366614528328512,6.132731852319359
fgmvp_0026,c349c55fd9afe5690ffca5b87838c1b55fee74b66d00ab09c659a1f7f761d3f2,1538,bar,train,10.0,16.195739653047895,9.77754297307157,0.07172544203041283,9.849268415101983,0.2224570269284296,0.15073158489801664,0.022245702692842963,0.015073158489801664,0.013735527471668462,0.009306866381348028,9.77754297307157,9.849268415101983
fgmvp_0027,a8049e206e876ab4ee4c13e7354108806dfd89161f9a133bd5341e005fdd002c,5087,bar,test,9.5,20.150247587181372,9.423187176962099,0.08922483047425146,9.51241200743635,0.07681282303790127,0.012412007436349626,0.00808556031977908,0.0013065270985631184,0.0038120039322378316,0.0006159729493470618,9.423187176962099,9.51241200743635
fgmvp_0028,0b29203f223af5db5593570dc213d2ab9231fd234ec685e0e7babafffc197885,454,line,train,24.0,48.89966687708731,24.420468603007805,0.23225437103754615,24.65272297404535,0.4204686030078051,0.65272297404535,0.017519525125325213,0.027196790585222914,0.008598598515296268,0.013348209011035068,24.420468603007805,24.65272297404535
fgmvp_0029,d823654ed4cfa0b0bf0e8b3b7621a23d7083c0225ba118a122e63dacfab9c81a,1449,bar,train,19.2,70.87366795951131,18.85452678621769,0.3148028484315556,19.169329634649245,0.34547321378230933,0.030670365350754736,0.017993396551161944,0.0015974148620184758,0.004874493217702111,0.000432746974070484,18.85452678621769,19.169329634649245
fgmvp_0030,4ba17a60ee1ffacff3e634ec938c72b6a6b366fa5318f059c3f48b664a541cac,4430,bar,train,7.1,11.089709648024774,7.059545161274656,0.04894961923377457,7.108494780508431,0.040454838725343834,0.008494780508430999,0.005697864609203357,0.0011964479589339435,0.003647961940333522,0.0007660056735519701,7.059545161274656,7.108494780508431
fgmvp_0031,fa21f4ffe212ccdbcb219bada4b4065568e0baffc733cfee558c6b4a0ea6c96c,3195,bar,train,590.0,1017.7552891265874,584.1514273910261,4.502447304488514,588.6538746955147,5.848572608973882,1.3461253044853265,0.009912834930464206,0.0022815683126869942,0.005746541110086476,0.0013226414235985335,584.1514273910261,588.6538746955147
fgmvp_0032,e961558d7516166a491545c72a96ddffc3b2b6f707f3ff3aad4b101ddcb408a9,2246,bar,train,348.6,455.07867014116187,347.4242492854093,1.9934874611824762,349.4177367465918,1.1757507145907198,0.8177367465917769,0.003372778871459322,0.0023457737997469212,0.0025836207929191913,0.0017969129301052965,347.4242492854093,349.4177367465918
fgmvp_0033,d63df85f351099bf1cc3cc024caa29c19a8260b7fad8c47b88cd9998d4781f83,1023,line,train,68.0,20.17782508827696,66.89194646294827,0.09513298418076607,66.98707944712903,1.108053537051731,1.0129205528709662,0.016294904956643104,0.01489589048339656,0.05491441878418774,0.05019968943330067,66.89194646294827,66.98707944712903
fgmvp_0034,87f9ccbdcbd7240407c6466ba059c7e400d7ec1459ea13a2528f7704d12b54d9,2323,bar,train,1.84,2.8801119462397495,1.832237332542031,0.012690304673680375,1.8449276372157113,0.0077626674579691635,0.004927637215711211,0.00421884100976585,0.002678063704190876,0.00269526587954473,0.0017109186405565569,1.832237332542031,1.8449276372157113
fgmvp_0035,d3f516e48b08a0ecef02bacf431259dfd52b71d833f60edbc3dfa4e60b6c33a6,7646,bar,test,1.2,1.4208467874602388,1.1959051017842373,0.006217699842737412,1.2021228016269747,0.004094898215762699,0.0021228016269747574,0.0034124151798022493,0.0017690013558122979,0.002882012509654417,0.0014940397836766494,1.1959051017842373,1.2021228016269747
fgmvp_0036,d18b81f1b93d3cd5b126e03cb859624f4d73fe274b615b8c6c3daa9a7df9c5cd,2097,bar,test,25.0,30.47604586899635,24.95315822111976,0.13376765244545405,25.086925873565214,0.046841778880239104,0.08692587356521386,0.001873671155209564,0.0034770349426085545,0.0015370031624703587,0.0028522687601558114,24.95315822111976,25.086925873565214
fgmvp_0037,d06513beafeca7f3e1dc8da074a588cc5d0c935e67fdd01ac8c2acef9142d58f,1239,line,test,16.0,22.249800527017847,15.949644757090532,0.10595756464909513,16.055602321739627,0.050355242909468245,0.055602321739627314,0.0031472026818417653,0.003475145108726707,0.0022631772742556532,0.0024990031561006416,15.949644757090532,16.055602321739627
fgmvp_0038,7f16cc145bc005a436fb69db7be0cda47321305cde0efa1b7027b543351266a6,5797,bar,train,300.0,555.2792534290382,298.4418307156562,2.448949174513907,300.8907798901701,1.558169284343819,0.8907798901701085,0.005193897614479397,0.002969266300567028,0.002806100308487295,0.0016042016420913256,298.4418307156562,300.8907798901701
fgmvp_0039,9efe1402c083bf79684f6e713f4071cd47b949e49f35484631191aad18da0102,7403,bar,train,83.1,101.99698529440863,82.33469562155558,0.446571969234199,82.78126759078978,0.7653043784444122,0.31873240921021306,0.009209438970450208,0.003835528390014598,0.007503205866677369,0.003124919901212861,82.33469562155558,82.78126759078978
fgmvp_0040,2a6cb688ecc10d292c729ab031e3cd051a46617a5f14a587e6f455447e18c5a1,5213,line,train,8.0,51.02006041374966,7.37694291022347,0.24388805984800607,7.620830970071475,0.6230570897765304,0.37916902992852464,0.0778821362220663,0.04739612874106558,0.012212002195289826,0.007431763640686329,7.37694291022347,7.620830970071475
fgmvp_0041,3570cd6566e81f7ef55f3b2ae5b5c7e35bd82e702597c16f2be5984a8e9d85c3,1869,bar,train,18.9,30.5,18.764367816091955,0.13423512444923189,18.89860294054119,0.13563218390804366,0.0013970594588101903,0.007176306026880617,7.391848988413706e-05,0.004446956849444054,4.580522815771116e-05,18.764367816091955,18.89860294054119
fgmvp_0042,588ddda36fa7ed9119c1dfc7b44a66fb386c30a52360356b2eb6e0b0ae026fb8,203,bar,train,127.0,161.95307770465223,126.130960430776,0.7107795382494022,126.8417399690254,0.8690395692240003,0.15826003097460273,0.006842831253732286,0.0012461419761779743,0.005365996012800913,0.0009771968104441684,126.130960430776,126.8417399690254
fgmvp_0043,4e134f86b7106e0d34f3eb6716459454737b738ad14f804e07e254d18bd829d8,556,line,train,20.0,57.42549349744538,13.019029762739528,0.28346210821303625,13.302491870952565,6.980970237260472,6.697508129047435,0.3490485118630236,0.33487540645237174,0.12156569864865029,0.116629526733547,13.019029762739528,13.302491870952565
fgmvp_0044,8f567d7578e2d056c3c4876afad3aa025cbec4d3101647a605228ac787a31943,4614,bar,train,667.0,1008.2992351627909,665.8229565408983,4.444258935670241,670.2672154765686,1.1770434591016965,3.2672154765685946,0.0017646828472289303,0.004898374027838972,0.0011673553029241976,0.0032403232717330183,665.8229565408983,670.2672154765686
fgmvp_0045,50cf0aaed5e06b81e22be7650be66be4aef86658d030630bc6ee17d9e9e6ddc9,6810,bar,train,53.0,59.10854343754503,52.61284170375079,0.25951780468663566,52.87235950843743,0.3871582962492113,0.1276404915625733,0.007304873514136062,0.0024083111615579864,0.006549954942778932,0.0021594254254876056,52.61284170375079,52.87235950843743
fgmvp_0046,02fbe52b0addee5150272781d9f1cd9034dff40bb5674f6f804a0c50ef7cda29,1191,line,train,2.9,5.572587820811915,2.883511869752531,0.02569974172400873,2.9092116114765396,0.01648813024746909,0.009211611476539705,0.005685562154299687,0.003176417750530933,0.002958792356020116,0.001653022217458314,2.883511869752531,2.9092116114765396
fgmvp_0047,ebf6813a9079ff1288c7e3da265c78cedd9305e335bfcd2b07606fe1207656a3,1180,bar,train,10.6,14.222644415102344,10.531637722217626,0.062454621237119826,10.594092343454745,0.06836227778237358,0.0059076565452542695,0.006449271488903168,0.0005573260891749311,0.004806579971146783,0.0004153697704050881,10.531637722217626,10.594092343454745
fgmvp_0048,8ff98d895fcf701e69d4e0ca5870145394f8719c1e86557e40392f7492b95ebb,3365,bar,train,840.5,1007.855355651898,838.9406581701935,4.421439683165887,843.3620978533594,1.559341829806499,2.862097853359387,0.0018552550027441986,0.0034052324251747615,0.0015471881168879536,0.0028397902906495283,838.9406581701935,843.3620978533594
fgmvp_0049,025ec932975a23557b67c8f767d50aa2188631b69ef3f2ac45ea7ff7694d7586,3955,bar,train,24.9,50.514544023047705,24.61202000307686,0.22270267047130096,24.83472267354816,0.2879799969231378,0.06527732645183804,0.011565461723820796,0.002621579375575825,0.005700932325386218,0.0012922481577197784,24.61202000307686,24.83472267354816
fgmvp_0050,ecd4d5c7ea2637ca9ae5fac111d3d436bede5a1ed521129f1c287eb68cb3f22e,7079,bar,test,3.9,8.096075298833018,3.828148317883958,0.035890053868390163,3.864038371752348,0.07185168211604198,0.03596162824765203,0.01842350823488256,0.009220930319910777,0.008874878192696504,0.0044418594096865185,3.828148317883958,3.864038371752348
fgmvp_0051,b77a3ca2e7d164cf210099a27449084e05305395d2edf999c6410fadbdcccebf,6782,bar,train,10.3,22.22361504796025,10.287793373999403,0.09924042248185029,10.387033796481253,0.012206626000597964,0.08703379648125242,0.0011851093204464042,0.008449883153519652,0.0005492637437363425,0.003916275380644727,10.287793373999403,10.387033796481253
fgmvp_0052,a812edb9bbf14bdb57c1e7ab7f75fb3293660606bb79b4551c28c38e7d673ceb,1500,bar,test,29.0,16.22077901570313,29.037371699271862,0.0711990368103268,29.10857073608219,0.03737169927186201,0.10857073608218926,0.0012886792852366213,0.003743818485592733,0.002303939856136561,0.006693312076878879,29.037371699271862,29.10857073608219
fgmvp_0053,d084c507f60eeed28fbd324fd2848238c397f470e50d18ad349b8f6487804697,2850,bar,train,6.5,10.117027162953802,6.407283254949322,0.04526222993912508,6.4525454848884465,0.09271674505067828,0.04745451511155352,0.014264114623181275,0.0073006946325466955,0.009164425829574267,0.004690559227252142,6.407283254949322,6.4525454848884465
fgmvp_0054,17c6c561c6276c4aab1b6bd0697280bd78983f4ae29059d03539d20ac7c11daa,4187,bar,test,59.0,139.79872205113708,58.17554866120564,0.617413686789839,58.79296234799548,0.8244513387943613,0.20703765200452295,0.013973751504989175,0.003509112745839372,0.005897416848294111,0.0014809695608575771,58.17554866120564,58.79296234799548
fgmvp_0055,f45ed58d1cd78dd28db26df15d7293cd8c353bb6caf1c5985612876063a477fc,5368,bar,train,26.3,8.046816063832662,26.277534410943865,0.035389627418220736,26.312924038362084,0.022465589056135826,0.012924038362083223,0.0008542049070774078,0.000491408302740807,0.002791860641267792,0.0016061058510050698,26.277534410943865,26.312924038362084
fgmvp_0056,6acbf26d07dab53f18d0e6ff9eb6114d7981fa6bbab42c5bc68929ebacf0de1b,908,bar,train,13.7,18.19773843742994,13.617400053428149,0.0798942022019352,13.697294255630084,0.08259994657185032,0.0027057443699156636,0.006029193180427031,0.00019749958904493895,0.004539022629424928,0.00014868574901320513,13.617400053428149,13.697294255630084
fgmvp_0057,27e5374d78e0474e0505c409414bbecb66f6b62dc1a83f43a0262ce91c62e6c4,3015,bar,train,41.0,55.53443013056544,40.784117701364444,0.24440615183788394,41.02852385320233,0.21588229863555597,0.028523853202329974,0.00526542191794039,0.0006957037366421945,0.003887359573655499,0.000513624667350837,40.784117701364444,41.02852385320233
fgmvp_0058,18bb8b3f69e5fc0f73dbc3c6ed1ad5be56eb13eec281030ca09805d9b2333be6,2214,bar,test,100.4,141.91651047878673,99.6149258817515,0.6240072210532066,100.23893310280471,0.7850741182485024,0.16106689719529754,0.00781946332916835,0.001604251964096589,0.005531943503964981,0.0011349412175644872,99.6149258817515,100.23893310280471
fgmvp_0059,da8227279fa53d8478e6d3278ee08bf02b508e108a5f6e96efffd4b1649dc0fe,3129,bar,train,688.0,1667.0073126949883,675.8808367517393,7.380592653382789,683.261429405122,12.119163248260747,4.738570594877956,0.01761506286084411,0.006887457259997029,0.007270012048518341,0.0028425613725816755,675.8808367517393,683.261429405122
fgmvp_0060,e287cbe2efd50476d70628382e1546ba75a85044b6a44c4e67ac434de381a16d,1664,bar,train,3.4,4.050304286017677,3.424486615784666,0.017743396950378697,3.4422300127350445,0.024486615784665933,0.042230012735044564,0.007201945819019392,0.01242059198089546,0.0060456237496026655,0.010426380279829736,3.424486615784666,3.4422300127350445
fgmvp_0061,8031712cb555d0e625558f8a88b92a2fd55115eadc8123ebc0ef94f9da761eff,509,bar,train,51.5,122.13573720444337,50.78095913092622,0.5395315081277307,51.32049063905395,0.7190408690737797,0.1795093609460494,0.013961958622791839,0.0034856186591465904,0.005887227485843681,0.001469752957282013,50.78095913092622,51.32049063905395
fgmvp_0062,8d32f550217a1239a7ee745d19d9674f435b6df08ef284499bfa9e95ad8a2d52,3830,bar,train,19.7,29.32323289931794,19.620743922804976,0.12950295392662242,19.750246876731598,0.07925607719502281,0.05024687673159889,0.004023151126650904,0.0025506028797765935,0.0027028424003298188,0.0017135517391319985,19.620743922804976,19.750246876731598
fgmvp_0063,3ad554d70f7bfb60b34e389b9aacd1226dc40a56280011ae6cf8f462475c9c5f,4135,bar,train,35.6,81.0505796409957,35.005921867747965,0.35982314170160423,35.36574500944957,0.5940781322520365,0.23425499055043275,0.016687587984607767,0.006580196363776201,0.007329720957992379,0.0028902321437803227,35.005921867747965,35.36574500944957
fgmvp_0064,dee57608490d0ab8cdc5a974268afe9d8346124007569a648c3e44241356dcd5,4091,bar,train,20.0,29.31017187655207,19.922131853017802,0.1303513651371719,20.052483218154975,0.07786814698219757,0.052483218154975475,0.003893407349109879,0.0026241609077487737,0.0026566936321684126,0.001790614479369931,19.922131853017802,20.052483218154975
fgmvp_0065,e6ea88040833848fa9bb1451629bb4cdce80de453fcd33044e43215a891b5513,1716,bar,train,19.8,25.499420427461864,19.687151322654415,0.11167423400808153,19.798825556662496,0.11284867734558546,0.0011744433375042718,0.005699428148766942,5.931532007597332e-05,0.00442553891240806,4.6057648284407394e-05,19.687151322654415,19.798825556662496
fgmvp_0066,828778f64c47c68f388fc85a931e37f8d1b9687f6ed8110b479545f5ceb6a580,1808,bar,train,44.9,12.194948920125483,44.811578104886436,0.05329931307539876,44.864877417961836,0.08842189511356224,0.035122582038162875,0.0019693072408365755,0.0007822401344802423,0.007250698276205031,0.0028800925914662604,44.811578104886436,44.864877417961836
fgmvp_0067,82394dbe9e5ffd0d8e62d047229e5095f1b0dac53296d913a9e4a65565770576,2386,bar,test,15.0,49.50783215253899,14.839221739515907,0.2188106565323556,15.058032396048262,0.1607782604840935,0.0580323960482616,0.010718550698939566,0.00386882640321744,0.003247531824635712,0.0011721861678260829,14.839221739515907,15.058032396048262
fgmvp_0068,ae0fbfa81783e9a42d131f0e3068f6510f1174fde6b5bee18c2445a1e510a4db,282,bar,test,42.7,12.215418321541371,42.670009051779886,0.05360052426263806,42.72360957604252,0.029990948220117275,0.023609576042517233,0.0007023641269348307,0.0005529174717217151,0.0024551716061356255,0.001932768524257802,42.670009051779886,42.72360957604252
fgmvp_0069,2c84a0155e7c7059570e1dc701b10ca2dc0fe6298fb5b35a883b0647c66b2bda,2774,bar,train,46.6,111.10534422618609,46.19542618194571,0.4905341145495156,46.68596029649523,0.4045738180542884,0.08596029649523018,0.008681841589147818,0.0018446415556916348,0.0036413533558805676,0.0007736828241154079,46.19542618194571,46.68596029649523
fgmvp_0070,36c03d67a0a138bec8c08a66b03709f8fd04ecf05da47dc00254fdbe2e21af3a,2890,bar,train,21.0,29.808344651956997,21.007934306371144,0.13109386922457525,21.13902817559572,0.007934306371144118,0.139028175595719,0.0003778241129116246,0.006620389314081858,0.0002661773561660429,0.00466406897863721,21.007934306371144,21.13902817559572
fgmvp_0071,fb0e35321af38020502240f0f1633e70be323dbaee7d43e109304efb9c99fb60,5054,bar,train,17.5,5.102398484412273,17.483194646441227,0.02235091921162755,17.505545565652856,0.016805353558773106,0.0055455656528557995,0.0009603059176441775,0.00031688946587747423,0.003293618405170261,0.0010868546762463562,17.483194646441227,17.505545565652856
fgmvp_0072,3822fe9af1acb759ae19dc9db77cc35d3110c674b9b26901e7269f79568a13e0,3689,bar,train,23.0,55.45825476229446,22.89242231251466,0.24664590730221325,23.139068219816874,0.10757768748533891,0.139068219816874,0.004677290760232127,0.006046444339864087,0.0019397957607292027,0.0025076198378933693,22.89242231251466,23.139068219816874
fgmvp_0073,9aff41a612557b3aa55906331cbb7098d4aa0c632337e22ba6d4dd95f2fb30ad,3358,bar,train,3.9,14.21156202502046,3.8517713083128733,0.06280560583544044,3.9145769141483138,0.048228691687126624,0.014576914148313858,0.012366331201827339,0.003737670294439451,0.0033936235582138403,0.0010257080905427686,3.8517713083128733,3.9145769141483138
fgmvp_0074,65fed7b10054d8f2200ccfc59fa01a9560b109e468758931c0e0cc023b6e69ac,5772,bar,train,6.0,18.230249722540538,5.959594612812081,0.08093718322616004,6.040531796038241,0.04040538718791886,0.0405317960382412,0.006734231197986477,0.006755299339706866,0.0022163924138658498,0.0022233264302532413,5.959594612812081,6.040531796038241
fgmvp_0075,b8dc979da31a72808058dc616c7cd4504129a10d31af0d2155e5b16455e61827,878,bar,test,1.5,3.905708101312573,1.4771943211059075,0.01752583842953725,1.4947201595354447,0.022805678894092463,0.005279840464555319,0.015203785929394975,0.003519893643036879,0.005839063827229757,0.0013518266925224,1.4771943211059075,1.4947201595354447
fgmvp_0076,7bdb29b657afc5581db608a80ae61a0287d8dbfe1fcb24c036c6f90e8e5e2643,218,bar,test,381.0,1222.7913052693657,375.4487983141718,5.412620200401459,380.8614185145733,5.551201685828175,0.13858148542669824,0.014570083164903347,0.0003637309328784731,0.004539778506689099,0.00011333208277611236,375.4487983141718,380.8614185145733
fgmvp_0077,4feb7278f061a991ea8aaa04725ad85e115058efe47649d51626fcc9aed0308f,3468,bar,train,134.0,181.0938890787711,133.65073082379715,0.7971979188900393,134.4479287426872,0.3492691762028528,0.4479287426871963,0.0026064863895735283,0.0033427518110984798,0.001928663512499474,0.002473461390474413,133.65073082379715,134.4479287426872
fgmvp_0078,ace8e5f4b2d818db4454f4100daee1cf7521458feeb21eadb1f85c1323b50a1c,2230,bar,test,20.2,61.06667297143937,20.00476969761761,0.27122850969734075,20.275998207314952,0.19523030238238803,0.07599820731495299,0.009664866454573665,0.0037622874908392573,0.0031970024381989246,0.001244512000031458,20.00476969761761,20.275998207314952
fgmvp_0079,231d575a3bb0ec3e43be3dc0f2c283c235657d98062655b6180966c87ea43c65,3384,bar,test,8.8,11.132464491653941,8.754321867710015,0.04981691831909059,8.804138786029105,0.04567813228998574,0.0041387860291042244,0.005190696851134742,0.0004703165942163891,0.004103146461794766,0.00037177626142055885,8.754321867710015,8.804138786029105
fgmvp_0080,6035ec2e1197ba04f0b9b73df44571ebb1e53294fd2df5d2162e51957306be05,32,bar,test,14.6,14.24740879597497,14.576616137701695,0.0631177756686615,14.639733913370357,0.023383862298304692,0.03973391337035714,0.0016016344039934721,0.0027215009157778866,0.0016412712397857819,0.0027888519196264208,14.576616137701695,14.639733913370357
fgmvp_0081,b1ecdc197e17bd202d70738dd7ea349eb6493fd0f6fe134896770feced660fe3,1775,bar,train,19.0,181.73955825482972,18.254805785277426,0.8074627890774759,19.062268574354903,0.7451942147225736,0.06226857435490274,0.03922074814329335,0.003277293387100144,0.004100341289911605,0.00034262532028162863,18.254805785277426,19.062268574354903
fgmvp_0082,f8397d215b66ea8f32c900fc81ef9bcad597bd641f9de2e4e04dac4f7bf96944,2084,bar,test,5.1,14.065972643017265,5.098980197608768,0.06365820135528766,5.162638398964055,0.0010198023912320053,0.06263839896405532,0.00019996125318274616,0.012282039012559868,7.250137741013333e-05,0.004453186463088334,5.098980197608768,5.162638398964055
fgmvp_0083,14877643e9e1724187312912484160c225be8b712b57d21c7ed4e3a652319403,3000,bar,train,14.1,14.181462212683135,14.022082554049142,0.0629903272841032,14.085072881333245,0.07791744595085781,0.01492711866675478,0.005526059996514739,0.001058660898351403,0.005494316790631974,0.0010525796594800195,14.022082554049142,14.085072881333245
fgmvp_0084,2053449d42ad9411eae99b9d96ecb200c559ad0439b321a562320c1168e72f23,2624,bar,test,8.0,33.68971317129016,7.745170176042656,0.15052887667787523,7.8956990527205315,0.2548298239573441,0.10430094727946848,0.03185372799466801,0.01303761840993356,0.007564024741371383,0.003095928622163281,7.745170176042656,7.8956990527205315
fgmvp_0085,290ac6c778ba7651780044de310492c3e8409dc5f47451570fa65191ed518da6,289,bar,train,6.0,25.56492949899284,6.151373591051293,0.11361974925525944,6.264993340306552,0.15137359105129278,0.2649933403065523,0.02522893184188213,0.044165556717758715,0.005921142518983138,0.010365502487186285,6.151373591051293,6.264993340306552
fgmvp_0086,2312721c64d4f3d2f42461c01077a09c78da9a95450509d143ffcae72b9ecfc0,7211,bar,train,4.8,1.6057154081223324,4.7920074267968396,0.007150088145769555,4.799157514942609,0.00799257320316027,0.0008424850573911513,0.001665119417325056,0.0001755177202898232,0.004977577696975896,0.0005246789394493785,4.7920074267968396,4.799157514942609
