chart_id,chart_type,label_index,pseudo_gold,sample_id,status,outcome_2pct
4e7ce11fec61c5286c550fd7d939fd3ab7d2fcc2e1d6164cde0df759006cc890,bar,0,100.0,fgmvp_0000,accepted,correct_within_2pct
0bf8980100ac3fb977a6f377432a9a441a51ff7d712188f6097bc942954b2a49,bar,0,1.42,,construction_failed,construction_failed
0bf8980100ac3fb977a6f377432a9a441a51ff7d712188f6097bc942954b2a49,bar,1,1.08,,construction_failed,construction_failed
0bf8980100ac3fb977a6f377432a9a441a51ff7d712188f6097bc942954b2a49,bar,2,0.54,,construction_failed,construction_failed
0bf8980100ac3fb977a6f377432a9a441a51ff7d712188f6097bc942954b2a49,bar,3,1.01,,construction_failed,construction_failed
0bf8980100ac3fb977a6f377432a9a441a51ff7d712188f6097bc942954b2a49,bar,4,0.65,,construction_failed,construction_failed
63534e777ffe73a3e8737b25bf41765f8ca458ca43c2ce783eed06d15215c4fc,line,0,47.0,fgmvp_0001,accepted,correct_within_2pct
63534e777ffe73a3e8737b25bf41765f8ca458ca43c2ce783eed06d15215c4fc,line,1,78.0,fgmvp_0002,accepted,correct_within_2pct
eb74e3a162cd33b6bdf70ffb71ec3d75a753eb4abe6450a1408314f6ce4ecd3d,bar,0,14.9,fgmvp_0003,accepted,correct_within_2pct
eb74e3a162cd33b6bdf70ffb71ec3d75a753eb4abe6450a1408314f6ce4ecd3d,bar,1,5.8,fgmvp_0004,accepted,correct_within_2pct
2d3031df1d40645906510aa74552eb3edbdf9ab97e47dd0b2a35467b375d5784,bar,0,0.28,fgmvp_0005,accepted,correct_within_2pct
2d3031df1d40645906510aa74552eb3edbdf9ab97e47dd0b2a35467b375d5784,bar,1,0.18,,construction_failed,construction_failed
ce8bb0ba270a7a51320b183e8628563b88c2cadab27076c9bb68a841b03bd7ad,line,0,4.4,fgmvp_0006,accepted,correct_within_2pct
ce8bb0ba270a7a51320b183e8628563b88c2cadab27076c9bb68a841b03bd7ad,line,1,3.8,fgmvp_0007,accepted,correct_within_2pct
ce8bb0ba270a7a51320b183e8628563b88c2cadab27076c9bb68a841b03bd7ad,line,2,10.2,fgmvp_0008,accepted,correct_within_2pct
f1243693ac8a94d73b8ee2a9e25349706ba344ddb4742cd4446cfc8220d20014,bar,0,438.0,,construction_failed,construction_failed
f1243693ac8a94d73b8ee2a9e25349706ba344ddb4742cd4446cfc8220d20014,bar,1,255.0,,construction_failed,construction_failed
f1243693ac8a94d73b8ee2a9e25349706ba344ddb4742cd4446cfc8220d20014,bar,2,126.0,,construction_failed,construction_failed
f1243693ac8a94d73b8ee2a9e25349706ba344ddb4742cd4446cfc8220d20014,bar,3,103.0,,construction_failed,construction_failed
f1243693ac8a94d73b8ee2a9e25349706ba344ddb4742cd4446cfc8220d20014,bar,4,82.0,,construction_failed,construction_failed
f1243693ac8a94d73b8ee2a9e25349706ba344ddb4742cd4446cfc8220d20014,bar,5,46.0,,construction_failed,construction_failed
85d858a9afe8d0632f51fdff401cee14790005b5c45c7708841553a6fca9dadc,bar,0,8.0,fgmvp_0009,accepted,correct_within_2pct
85d858a9afe8d0632f51fdff401cee14790005b5c45c7708841553a6fca9dadc,bar,1,8.0,fgmvp_0010,accepted,correct_within_2pct
85d858a9afe8d0632f51fdff401cee14790005b5c45c7708841553a6fca9dadc,bar,2,6.4,fgmvp_0011,accepted,correct_within_2pct
85d858a9afe8d0632f51fdff401cee14790005b5c45c7708841553a6fca9dadc,bar,3,3.0,fgmvp_0012,accepted,correct_within_2pct
85d858a9afe8d0632f51fdff401cee14790005b5c45c7708841553a6fca9dadc,bar,4,4.0,fgmvp_0013,accepted,correct_within_2pct
85d858a9afe8d0632f51fdff401cee14790005b5c45c7708841553a6fca9dadc,bar,5,3.5,fgmvp_0014,accepted,correct_within_2pct
0984f9f91153f4c634fe36acbd2e613ca604ad4dbdd5f14e90deb6fb1ca58447,line,0,16.0,fgmvp_0015,accepted,correct_within_2pct
9e00f60ec31d8cc1db2b13221779a1c183f42f9b83e3da12312f94f6c982e5d3,bar,0,119.0,,construction_failed,construction_failed
9e00f60ec31d8cc1db2b13221779a1c183f42f9b83e3da12312f94f6c982e5d3,bar,1,75.0,,construction_failed,construction_failed
9e00f60ec31d8cc1db2b13221779a1c183f42f9b83e3da12312f94f6c982e5d3,bar,2,30.0,,construction_failed,construction_failed
9e00f60ec31d8cc1db2b13221779a1c183f42f9b83e3da12312f94f6c982e5d3,bar,3,20.0,,construction_failed,construction_failed
e17a5d5583f5de76f80fa88399622762c910d6aa96de608586d6be1231155eaf,bar,0,34.0,fgmvp_0016,accepted,correct_within_2pct
e17a5d5583f5de76f80fa88399622762c910d6aa96de608586d6be1231155eaf,bar,1,26.0,fgmvp_0017,accepted,correct_within_2pct
e17a5d5583f5de76f80fa88399622762c910d6aa96de608586d6be1231155eaf,bar,2,18.0,,construction_failed,construction_failed
e17a5d5583f5de76f80fa88399622762c910d6aa96de608586d6be1231155eaf,bar,3,7.0,fgmvp_0018,accepted,correct_within_2pct
e17a5d5583f5de76f80fa88399622762c910d6aa96de608586d6be1231155eaf,bar,4,20.0,fgmvp_0019,accepted,correct_within_2pct
61e21ce6de0d5fd0f81a3ca77dccc7f099f90340094a3b293267e82705005f9b,line,0,17.5,fgmvp_0020,accepted,correct_within_2pct
61e21ce6de0d5fd0f81a3ca77dccc7f099f90340094a3b293267e82705005f9b,line,1,12.7,fgmvp_0021,accepted,geometry_error_gt_2pct
61e21ce6de0d5fd0f81a3ca77dccc7f099f90340094a3b293267e82705005f9b,line,2,16.8,fgmvp_0022,accepted,correct_within_2pct
61e21ce6de0d5fd0f81a3ca77dccc7f099f90340094a3b293267e82705005f9b,line,3,22.6,fgmvp_0023,accepted,geometry_error_gt_2pct
61e21ce6de0d5fd0f81a3ca77dccc7f099f90340094a3b293267e82705005f9b,line,4,6.3,fgmvp_0024,accepted,geometry_error_gt_2pct
61e21ce6de0d5fd0f81a3ca77dccc7f099f90340094a3b293267e82705005f9b,line,5,-0.9,fgmvp_0025,accepted,geometry_error_gt_2pct
b903ba8b9dbe032a463994aca84c8faf054f1c906907ae936ffa2c1679f8c874,bar,0,35.0,fgmvp_0026,accepted,correct_within_2pct
b903ba8b9dbe032a463994aca84c8faf054f1c906907ae936ffa2c1679f8c874,bar,1,31.0,fgmvp_0027,accepted,correct_within_2pct
b903ba8b9dbe032a463994aca84c8faf054f1c906907ae936ffa2c1679f8c874,bar,2,26.0,fgmvp_0028,accepted,correct_within_2pct
b903ba8b9dbe032a463994aca84c8faf054f1c906907ae936ffa2c1679f8c874,bar,3,19.0,fgmvp_0029,accepted,correct_within_2pct
b903ba8b9dbe032a463994aca84c8faf054f1c906907ae936ffa2c1679f8c874,bar,4,20.0,fgmvp_0030,accepted,correct_within_2pct
ddd5a57d534dcad58790a9de7dcd8ada3a777c48cdcd35541f50d82a17c31ea8,bar,0,13.2,fgmvp_0031,accepted,correct_within_2pct
ddd5a57d534dcad58790a9de7dcd8ada3a777c48cdcd35541f50d82a17c31ea8,bar,1,12.0,fgmvp_0032,accepted,correct_within_2pct
ddd5a57d534dcad58790a9de7dcd8ada3a777c48cdcd35541f50d82a17c31ea8,bar,2,11.2,fgmvp_0033,accepted,correct_within_2pct
04d180c537e20cda970f86db695a0c0112ac3ccd016024251d2f6fdc782f2c50,line,0,30.0,fgmvp_0034,accepted,correct_within_2pct
04d180c537e20cda970f86db695a0c0112ac3ccd016024251d2f6fdc782f2c50,line,1,30.0,fgmvp_0035,accepted,correct_within_2pct
04d180c537e20cda970f86db695a0c0112ac3ccd016024251d2f6fdc782f2c50,line,2,23.0,fgmvp_0036,accepted,geometry_error_gt_2pct
ba9c96dfb37c559bf63e2a6628cbaadc3aeaaa91d47e6e3dce8d2df8274e5fb9,bar,0,2.59,,construction_failed,construction_failed
ba9c96dfb37c559bf63e2a6628cbaadc3aeaaa91d47e6e3dce8d2df8274e5fb9,bar,1,2.09,,construction_failed,construction_failed
ba9c96dfb37c559bf63e2a6628cbaadc3aeaaa91d47e6e3dce8d2df8274e5fb9,bar,2,1.19,,construction_failed,construction_failed
ddfb0123a96fac79fded7cb479ae5a2e03f045ec53336b8eac0ff9374a7e229f,bar,0,782.0,,construction_failed,construction_failed
ddfb0123a96fac79fded7cb479ae5a2e03f045ec53336b8eac0ff9374a7e229f,bar,1,935.0,,construction_failed,construction_failed
ddfb0123a96fac79fded7cb479ae5a2e03f045ec53336b8eac0ff9374a7e229f,bar,2,517.0,,construction_failed,construction_failed
ddfb0123a96fac79fded7cb479ae5a2e03f045ec53336b8eac0ff9374a7e229f,bar,3,492.0,,construction_failed,construction_failed
ddfb0123a96fac79fded7cb479ae5a2e03f045ec53336b8eac0ff9374a7e229f,bar,4,409.0,,construction_failed,construction_failed
07291264ea3375d81863c45d5381d2a6b4aa964eafa847155c953f273eada49c,line,0,75.0,fgmvp_0037,accepted,geometry_error_gt_2pct
07291264ea3375d81863c45d5381d2a6b4aa964eafa847155c953f273eada49c,line,1,79.0,fgmvp_0038,accepted,geometry_error_gt_2pct
07291264ea3375d81863c45d5381d2a6b4aa964eafa847155c953f273eada49c,line,2,70.0,fgmvp_0039,accepted,geometry_error_gt_2pct
f1d40aa21987750e8179647ae782b8b4b51a915699584e4f9370ae3afe789094,bar,0,21.4,fgmvp_0040,accepted,correct_within_2pct
f1d40aa21987750e8179647ae782b8b4b51a915699584e4f9370ae3afe789094,bar,1,17.4,fgmvp_0041,accepted,correct_within_2pct
5d753d0bfff6fb1f9f39897470fcb185c25ad7ddfd8c07fd87bd4e13704a9671,bar,0,52.1,fgmvp_0042,accepted,correct_within_2pct
5d753d0bfff6fb1f9f39897470fcb185c25ad7ddfd8c07fd87bd4e13704a9671,bar,1,51.6,fgmvp_0043,accepted,correct_within_2pct
5d753d0bfff6fb1f9f39897470fcb185c25ad7ddfd8c07fd87bd4e13704a9671,bar,2,50.0,fgmvp_0044,accepted,correct_within_2pct
5d753d0bfff6fb1f9f39897470fcb185c25ad7ddfd8c07fd87bd4e13704a9671,bar,3,48.5,fgmvp_0045,accepted,correct_within_2pct
5d753d0bfff6fb1f9f39897470fcb185c25ad7ddfd8c07fd87bd4e13704a9671,bar,4,47.2,fgmvp_0046,accepted,correct_within_2pct
a0b47eb2b96478aef9d4153530745d6f9c5d0ca9ae2eea829ca619526e513389,line,0,16.0,,construction_failed,construction_failed
41b6f61021b3f66a2b866d3a59504adb7637cf45b818c8d9c20202d0eb13fe1c,bar,0,7.2,fgmvp_0047,accepted,correct_within_2pct
41b6f61021b3f66a2b866d3a59504adb7637cf45b818c8d9c20202d0eb13fe1c,bar,1,4.1,fgmvp_0048,accepted,correct_within_2pct
41b6f61021b3f66a2b866d3a59504adb7637cf45b818c8d9c20202d0eb13fe1c,bar,2,3.1,fgmvp_0049,accepted,correct_within_2pct
ebaa929cc7a5fe4976ef33944033187910384cb02e46bf293843fcb64721bd9c,bar,0,29.5,fgmvp_0050,accepted,correct_within_2pct
ebaa929cc7a5fe4976ef33944033187910384cb02e46bf293843fcb64721bd9c,bar,1,25.7,fgmvp_0051,accepted,correct_within_2pct
ebaa929cc7a5fe4976ef33944033187910384cb02e46bf293843fcb64721bd9c,bar,2,23.6,fgmvp_0052,accepted,correct_within_2pct
ebaa929cc7a5fe4976ef33944033187910384cb02e46bf293843fcb64721bd9c,bar,3,16.1,fgmvp_0053,accepted,correct_within_2pct
ebaa929cc7a5fe4976ef33944033187910384cb02e46bf293843fcb64721bd9c,bar,4,19.1,fgmvp_0054,accepted,correct_within_2pct
ebaa929cc7a5fe4976ef33944033187910384cb02e46bf293843fcb64721bd9c,bar,5,15.6,fgmvp_0055,accepted,correct_within_2pct
ebaa929cc7a5fe4976ef33944033187910384cb02e46bf293843fcb64721bd9c,bar,6,12.1,fgmvp_0056,accepted,correct_within_2pct
2299bdb915a90a685d20abce3696ca7a7ecce5c65583c0c45b03286b808815bc,line,0,7.0,fgmvp_0057,accepted,geometry_error_gt_2pct
2248cf613c21b6c59108d6336a58f37996a264eb4d5057860063723eaa6eb615,bar,0,300.0,fgmvp_0058,accepted,correct_within_2pct
2248cf613c21b6c59108d6336a58f37996a264eb4d5057860063723eaa6eb615,bar,1,105.0,fgmvp_0059,accepted,correct_within_2pct
2248cf613c21b6c59108d6336a58f37996a264eb4d5057860063723eaa6eb615,bar,2,115.0,,construction_failed,construction_failed
2248cf613c21b6c59108d6336a58f37996a264eb4d5057860063723eaa6eb615,bar,3,186.0,,construction_failed,construction_failed
2248cf613c21b6c59108d6336a58f37996a264eb4d5057860063723eaa6eb615,bar,4,49.0,fgmvp_0060,accepted,correct_within_2pct
2248cf613c21b6c59108d6336a58f37996a264eb4d5057860063723eaa6eb615,bar,5,133.0,fgmvp_0061,accepted,correct_within_2pct
5d1c7791a81855d279794d637f23b0b950f1e1b641b33b9af78ee4ce30fe2960,bar,0,0.81,fgmvp_0062,accepted,correct_within_2pct
5d1c7791a81855d279794d637f23b0b950f1e1b641b33b9af78ee4ce30fe2960,bar,1,0.6,fgmvp_0063,accepted,correct_within_2pct
5d1c7791a81855d279794d637f23b0b950f1e1b641b33b9af78ee4ce30fe2960,bar,2,0.57,fgmvp_0064,accepted,correct_within_2pct
eed22fe6e4f0cc57f853141845971691f8ebb2861c663a183e4793d03ff68e82,line,0,7.17,fgmvp_0065,accepted,geometry_error_gt_2pct
eed22fe6e4f0cc57f853141845971691f8ebb2861c663a183e4793d03ff68e82,line,1,7.31,fgmvp_0066,accepted,geometry_error_gt_2pct
859985823fb9f665b64de0e78e12e02c17933f96779ef9b89b6d22a4e9048d35,bar,0,10.4,fgmvp_0067,accepted,correct_within_2pct
859985823fb9f665b64de0e78e12e02c17933f96779ef9b89b6d22a4e9048d35,bar,1,6.2,fgmvp_0068,accepted,correct_within_2pct
859985823fb9f665b64de0e78e12e02c17933f96779ef9b89b6d22a4e9048d35,bar,2,6.4,fgmvp_0069,accepted,correct_within_2pct
c2dbced08b36e465094b3f0c1d6ce788187f37ea862c965fe262ec8f0da597ac,bar,0,29.0,fgmvp_0070,accepted,correct_within_2pct
c2dbced08b36e465094b3f0c1d6ce788187f37ea862c965fe262ec8f0da597ac,bar,1,27.0,fgmvp_0071,accepted,correct_within_2pct
c2dbced08b36e465094b3f0c1d6ce788187f37ea862c965fe262ec8f0da597ac,bar,2,30.0,fgmvp_0072,accepted,geometry_error_gt_2pct
c2dbced08b36e465094b3f0c1d6ce788187f37ea862c965fe262ec8f0da597ac,bar,3,28.0,fgmvp_0073,accepted,geometry_error_gt_2pct
c2dbced08b36e465094b3f0c1d6ce788187f37ea862c965fe262ec8f0da597ac,bar,4,24.0,fgmvp_0074,accepted,geometry_error_gt_2pct
9500279cecd9aad131f3c57b14681d07285d07524501aac928bd7fade64662a0,line,0,16.0,,construction_failed,construction_failed
9500279cecd9aad131f3c57b14681d07285d07524501aac928bd7fade64662a0,line,1,20.0,,construction_failed,construction_failed
9500279cecd9aad131f3c57b14681d07285d07524501aac928bd7fade64662a0,line,2,14.0,,construction_failed,construction_failed
69fa6f61c59e9617b0bb8a8876634be294098e986fca2fddae6c2a20626ebaf2,bar,0,48.0,fgmvp_0075,accepted,correct_within_2pct
69fa6f61c59e9617b0bb8a8876634be294098e986fca2fddae6c2a20626ebaf2,bar,1,5.0,fgmvp_0076,accepted,correct_within_2pct
684f6ac269d0ca76c0110a35a7bea1790f8452c58961c6bd6f5e40707304b02a,bar,0,21.3,fgmvp_0077,accepted,correct_within_2pct
684f6ac269d0ca76c0110a35a7bea1790f8452c58961c6bd6f5e40707304b02a,bar,1,18.5,fgmvp_0078,accepted,correct_within_2pct
684f6ac269d0ca76c0110a35a7bea1790f8452c58961c6bd6f5e40707304b02a,bar,2,13.6,fgmvp_0079,accepted,correct_within_2pct
684f6ac269d0ca76c0110a35a7bea1790f8452c58961c6bd6f5e40707304b02a,bar,3,15.4,fgmvp_0080,accepted,correct_within_2pct
684f6ac269d0ca76c0110a35a7bea1790f8452c58961c6bd6f5e40707304b02a,bar,4,16.1,fgmvp_0081,accepted,correct_within_2pct
684f6ac269d0ca76c0110a35a7bea1790f8452c58961c6bd6f5e40707304b02a,bar,5,10.6,fgmvp_0082,accepted,correct_within_2pct
684f6ac269d0ca76c0110a35a7bea1790f8452c58961c6bd6f5e40707304b02a,bar,6,9.5,fgmvp_0083,accepted,correct_within_2pct
684f6ac269d0ca76c0110a35a7bea1790f8452c58961c6bd6f5e40707304b02a,bar,7,8.1,fgmvp_0084,accepted,correct_within_2pct
cd292e261fcf22bcd300366b04e42834cf48b4b0ce865cb7dcbf258f36d3de91,line,0,35.0,fgmvp_0085,accepted,geometry_error_gt_2pct
c349c55fd9afe5690ffca5b87838c1b55fee74b66d00ab09c659a1f7f761d3f2,bar,0,10.0,fgmvp_0086,accepted,correct_within_2pct
c349c55fd9afe5690ffca5b87838c1b55fee74b66d00ab09c659a1f7f761d3f2,bar,1,12.1,,construction_failed,construction_failed
c349c55fd9afe5690ffca5b87838c1b55fee74b66d00ab09c659a1f7f761d3f2,bar,2,4.1,fgmvp_0087,accepted,correct_within_2pct
c349c55fd9afe5690ffca5b87838c1b55fee74b66d00ab09c659a1f7f761d3f2,bar,3,3.6,fgmvp_0088,accepted,correct_within_2pct
c349c55fd9afe5690ffca5b87838c1b55fee74b66d00ab09c659a1f7f761d3f2,bar,4,8.4,fgmvp_0089,accepted,correct_within_2pct
c349c55fd9afe5690ffca5b87838c1b55fee74b66d00ab09c659a1f7f761d3f2,bar,5,9.3,fgmvp_0090,accepted,correct_within_2pct
c349c55fd9afe5690ffca5b87838c1b55fee74b66d00ab09c659a1f7f761d3f2,bar,6,7.7,fgmvp_0091,accepted,correct_within_2pct
c349c55fd9afe5690ffca5b87838c1b55fee74b66d00ab09c659a1f7f761d3f2,bar,7,9.9,fgmvp_0092,accepted,correct_within_2pct
a8049e206e876ab4ee4c13e7354108806dfd89161f9a133bd5341e005fdd002c,bar,0,12.4,,construction_failed,construction_failed
a8049e206e876ab4ee4c13e7354108806dfd89161f9a133bd5341e005fdd002c,bar,1,9.5,fgmvp_0093,accepted,correct_within_2pct
0b29203f223af5db5593570dc213d2ab9231fd234ec685e0e7babafffc197885,line,0,24.0,fgmvp_0094,accepted,correct_within_2pct
d823654ed4cfa0b0bf0e8b3b7621a23d7083c0225ba118a122e63dacfab9c81a,bar,0,54.1,,construction_failed,construction_failed
d823654ed4cfa0b0bf0e8b3b7621a23d7083c0225ba118a122e63dacfab9c81a,bar,1,19.2,fgmvp_0095,accepted,correct_within_2pct
d823654ed4cfa0b0bf0e8b3b7621a23d7083c0225ba118a122e63dacfab9c81a,bar,2,11.3,fgmvp_0096,accepted,correct_within_2pct
4ba17a60ee1ffacff3e634ec938c72b6a6b366fa5318f059c3f48b664a541cac,bar,0,7.1,fgmvp_0097,accepted,correct_within_2pct
4ba17a60ee1ffacff3e634ec938c72b6a6b366fa5318f059c3f48b664a541cac,bar,1,3.9,fgmvp_0098,accepted,correct_within_2pct
4ba17a60ee1ffacff3e634ec938c72b6a6b366fa5318f059c3f48b664a541cac,bar,2,0.8,fgmvp_0099,accepted,correct_within_2pct
f27fe8d4aa6f244195f63da7fa8e6df816531c861afc84bfd9a0a053664909c4,line,0,8.0,,construction_failed,construction_failed
fa21f4ffe212ccdbcb219bada4b4065568e0baffc733cfee558c6b4a0ea6c96c,bar,0,590.0,fgmvp_0100,accepted,correct_within_2pct
fa21f4ffe212ccdbcb219bada4b4065568e0baffc733cfee558c6b4a0ea6c96c,bar,1,539.0,fgmvp_0101,accepted,correct_within_2pct
fa21f4ffe212ccdbcb219bada4b4065568e0baffc733cfee558c6b4a0ea6c96c,bar,2,76.0,fgmvp_0102,accepted,correct_within_2pct
e961558d7516166a491545c72a96ddffc3b2b6f707f3ff3aad4b101ddcb408a9,bar,0,348.6,fgmvp_0103,accepted,correct_within_2pct
e961558d7516166a491545c72a96ddffc3b2b6f707f3ff3aad4b101ddcb408a9,bar,1,381.1,fgmvp_0104,accepted,correct_within_2pct
e961558d7516166a491545c72a96ddffc3b2b6f707f3ff3aad4b101ddcb408a9,bar,2,271.2,fgmvp_0105,accepted,correct_within_2pct
e961558d7516166a491545c72a96ddffc3b2b6f707f3ff3aad4b101ddcb408a9,bar,3,304.5,fgmvp_0106,accepted,correct_within_2pct
e961558d7516166a491545c72a96ddffc3b2b6f707f3ff3aad4b101ddcb408a9,bar,4,250.5,fgmvp_0107,accepted,correct_within_2pct
d63df85f351099bf1cc3cc024caa29c19a8260b7fad8c47b88cd9998d4781f83,line,0,68.0,fgmvp_0108,accepted,geometry_error_gt_2pct
d63df85f351099bf1cc3cc024caa29c19a8260b7fad8c47b88cd9998d4781f83,line,1,67.0,fgmvp_0109,accepted,geometry_error_gt_2pct
d63df85f351099bf1cc3cc024caa29c19a8260b7fad8c47b88cd9998d4781f83,line,2,64.0,fgmvp_0110,accepted,geometry_error_gt_2pct
87f9ccbdcbd7240407c6466ba059c7e400d7ec1459ea13a2528f7704d12b54d9,bar,0,1.84,fgmvp_0111,accepted,correct_within_2pct
87f9ccbdcbd7240407c6466ba059c7e400d7ec1459ea13a2528f7704d12b54d9,bar,1,1.55,fgmvp_0112,accepted,correct_within_2pct
d3f516e48b08a0ecef02bacf431259dfd52b71d833f60edbc3dfa4e60b6c33a6,bar,0,1.2,fgmvp_0113,accepted,correct_within_2pct
d3f516e48b08a0ecef02bacf431259dfd52b71d833f60edbc3dfa4e60b6c33a6,bar,1,0.7,fgmvp_0114,accepted,geometry_error_gt_2pct
d3f516e48b08a0ecef02bacf431259dfd52b71d833f60edbc3dfa4e60b6c33a6,bar,2,0.7,fgmvp_0115,accepted,correct_within_2pct
db65446f33c0ac6bdff08f2cf7f4eacee00158b395d475073e87a80494a4869a,line,0,157.0,,construction_failed,construction_failed
db65446f33c0ac6bdff08f2cf7f4eacee00158b395d475073e87a80494a4869a,line,1,157.0,,construction_failed,construction_failed
db65446f33c0ac6bdff08f2cf7f4eacee00158b395d475073e87a80494a4869a,line,2,179.0,,construction_failed,construction_failed
ee22dbfdd31eae13188871e35ad1220aa35680eaad07f3f7bbf5cde170a7ccab,bar,0,11.0,,construction_failed,construction_failed
ee22dbfdd31eae13188871e35ad1220aa35680eaad07f3f7bbf5cde170a7ccab,bar,1,-5.0,,construction_failed,construction_failed
d18b81f1b93d3cd5b126e03cb859624f4d73fe274b615b8c6c3daa9a7df9c5cd,bar,0,25.0,fgmvp_0116,accepted,correct_within_2pct
d18b81f1b93d3cd5b126e03cb859624f4d73fe274b615b8c6c3daa9a7df9c5cd,bar,1,15.0,fgmvp_0117,accepted,correct_within_2pct
d18b81f1b93d3cd5b126e03cb859624f4d73fe274b615b8c6c3daa9a7df9c5cd,bar,2,10.0,fgmvp_0118,accepted,correct_within_2pct
d18b81f1b93d3cd5b126e03cb859624f4d73fe274b615b8c6c3daa9a7df9c5cd,bar,3,5.0,,construction_failed,construction_failed
d18b81f1b93d3cd5b126e03cb859624f4d73fe274b615b8c6c3daa9a7df9c5cd,bar,4,5.0,fgmvp_0119,accepted,correct_within_2pct
d06513beafeca7f3e1dc8da074a588cc5d0c935e67fdd01ac8c2acef9142d58f,line,0,16.0,fgmvp_0120,accepted,correct_within_2pct
7f16cc145bc005a436fb69db7be0cda47321305cde0efa1b7027b543351266a6,bar,0,300.0,fgmvp_0121,accepted,correct_within_2pct
7f16cc145bc005a436fb69db7be0cda47321305cde0efa1b7027b543351266a6,bar,1,347.0,fgmvp_0122,accepted,correct_within_2pct
7f16cc145bc005a436fb69db7be0cda47321305cde0efa1b7027b543351266a6,bar,2,193.0,fgmvp_0123,accepted,correct_within_2pct
7f16cc145bc005a436fb69db7be0cda47321305cde0efa1b7027b543351266a6,bar,3,170.0,fgmvp_0124,accepted,correct_within_2pct
7f16cc145bc005a436fb69db7be0cda47321305cde0efa1b7027b543351266a6,bar,4,145.0,fgmvp_0125,accepted,correct_within_2pct
9efe1402c083bf79684f6e713f4071cd47b949e49f35484631191aad18da0102,bar,0,83.1,fgmvp_0126,accepted,correct_within_2pct
9efe1402c083bf79684f6e713f4071cd47b949e49f35484631191aad18da0102,bar,1,54.0,fgmvp_0127,accepted,correct_within_2pct
9efe1402c083bf79684f6e713f4071cd47b949e49f35484631191aad18da0102,bar,2,45.0,fgmvp_0128,accepted,correct_within_2pct
9efe1402c083bf79684f6e713f4071cd47b949e49f35484631191aad18da0102,bar,3,38.8,fgmvp_0129,accepted,correct_within_2pct
2a6cb688ecc10d292c729ab031e3cd051a46617a5f14a587e6f455447e18c5a1,line,0,8.0,fgmvp_0130,accepted,correct_within_2pct
3570cd6566e81f7ef55f3b2ae5b5c7e35bd82e702597c16f2be5984a8e9d85c3,bar,0,18.9,fgmvp_0131,accepted,correct_within_2pct
3570cd6566e81f7ef55f3b2ae5b5c7e35bd82e702597c16f2be5984a8e9d85c3,bar,1,13.2,,construction_failed,construction_failed
588ddda36fa7ed9119c1dfc7b44a66fb386c30a52360356b2eb6e0b0ae026fb8,bar,0,127.0,fgmvp_0132,accepted,correct_within_2pct
588ddda36fa7ed9119c1dfc7b44a66fb386c30a52360356b2eb6e0b0ae026fb8,bar,1,87.0,fgmvp_0133,accepted,correct_within_2pct
588ddda36fa7ed9119c1dfc7b44a66fb386c30a52360356b2eb6e0b0ae026fb8,bar,2,81.0,fgmvp_0134,accepted,correct_within_2pct
4e134f86b7106e0d34f3eb6716459454737b738ad14f804e07e254d18bd829d8,line,0,20.0,fgmvp_0135,accepted,geometry_error_gt_2pct
8f567d7578e2d056c3c4876afad3aa025cbec4d3101647a605228ac787a31943,bar,0,667.0,fgmvp_0136,accepted,correct_within_2pct
50cf0aaed5e06b81e22be7650be66be4aef86658d030630bc6ee17d9e9e6ddc9,bar,0,53.0,fgmvp_0137,accepted,correct_within_2pct
50cf0aaed5e06b81e22be7650be66be4aef86658d030630bc6ee17d9e9e6ddc9,bar,1,46.0,fgmvp_0138,accepted,correct_within_2pct
50cf0aaed5e06b81e22be7650be66be4aef86658d030630bc6ee17d9e9e6ddc9,bar,2,28.0,fgmvp_0139,accepted,correct_within_2pct
02fbe52b0addee5150272781d9f1cd9034dff40bb5674f6f804a0c50ef7cda29,line,0,2.9,fgmvp_0140,accepted,correct_within_2pct
ebf6813a9079ff1288c7e3da265c78cedd9305e335bfcd2b07606fe1207656a3,bar,0,10.6,fgmvp_0141,accepted,correct_within_2pct
ebf6813a9079ff1288c7e3da265c78cedd9305e335bfcd2b07606fe1207656a3,bar,1,6.0,fgmvp_0142,accepted,correct_within_2pct
ebf6813a9079ff1288c7e3da265c78cedd9305e335bfcd2b07606fe1207656a3,bar,2,2.6,fgmvp_0143,accepted,correct_within_2pct
ebf6813a9079ff1288c7e3da265c78cedd9305e335bfcd2b07606fe1207656a3,bar,3,3.9,fgmvp_0144,accepted,correct_within_2pct
ebf6813a9079ff1288c7e3da265c78cedd9305e335bfcd2b07606fe1207656a3,bar,4,14.0,,construction_failed,construction_failed
ebf6813a9079ff1288c7e3da265c78cedd9305e335bfcd2b07606fe1207656a3,bar,5,2.6,fgmvp_0145,accepted,correct_within_2pct
9175667f3f4a4e0b8cf566458b7676b4a30dfbad866efeb5c949d1a6063cf0a9,bar,0,3.0,,construction_failed,construction_failed
9175667f3f4a4e0b8cf566458b7676b4a30dfbad866efeb5c949d1a6063cf0a9,bar,1,8.0,,construction_failed,construction_failed
9175667f3f4a4e0b8cf566458b7676b4a30dfbad866efeb5c949d1a6063cf0a9,bar,2,8.0,,construction_failed,construction_failed
9175667f3f4a4e0b8cf566458b7676b4a30dfbad866efeb5c949d1a6063cf0a9,bar,3,8.0,,construction_failed,construction_failed
9175667f3f4a4e0b8cf566458b7676b4a30dfbad866efeb5c949d1a6063cf0a9,bar,4,0.0,,construction_failed,construction_failed
9175667f3f4a4e0b8cf566458b7676b4a30dfbad866efeb5c949d1a6063cf0a9,bar,5,2.0,,construction_failed,construction_failed
8ff98d895fcf701e69d4e0ca5870145394f8719c1e86557e40392f7492b95ebb,bar,0,840.5,fgmvp_0146,accepted,correct_within_2pct
8ff98d895fcf701e69d4e0ca5870145394f8719c1e86557e40392f7492b95ebb,bar,1,945.0,fgmvp_0147,accepted,correct_within_2pct
8ff98d895fcf701e69d4e0ca5870145394f8719c1e86557e40392f7492b95ebb,bar,2,579.9,fgmvp_0148,accepted,correct_within_2pct
8ff98d895fcf701e69d4e0ca5870145394f8719c1e86557e40392f7492b95ebb,bar,3,330.9,fgmvp_0149,accepted,correct_within_2pct
8ff98d895fcf701e69d4e0ca5870145394f8719c1e86557e40392f7492b95ebb,bar,4,716.3,fgmvp_0150,accepted,correct_within_2pct
025ec932975a23557b67c8f767d50aa2188631b69ef3f2ac45ea7ff7694d7586,bar,0,24.9,fgmvp_0151,accepted,correct_within_2pct
ecd4d5c7ea2637ca9ae5fac111d3d436bede5a1ed521129f1c287eb68cb3f22e,bar,0,3.9,fgmvp_0152,accepted,correct_within_2pct
ecd4d5c7ea2637ca9ae5fac111d3d436bede5a1ed521129f1c287eb68cb3f22e,bar,1,4.2,fgmvp_0153,accepted,correct_within_2pct
b77a3ca2e7d164cf210099a27449084e05305395d2edf999c6410fadbdcccebf,bar,0,10.3,fgmvp_0154,accepted,correct_within_2pct
b77a3ca2e7d164cf210099a27449084e05305395d2edf999c6410fadbdcccebf,bar,1,3.3,fgmvp_0155,accepted,correct_within_2pct
a812edb9bbf14bdb57c1e7ab7f75fb3293660606bb79b4551c28c38e7d673ceb,bar,0,29.0,fgmvp_0156,accepted,correct_within_2pct
a812edb9bbf14bdb57c1e7ab7f75fb3293660606bb79b4551c28c38e7d673ceb,bar,1,27.0,fgmvp_0157,accepted,correct_within_2pct
a812edb9bbf14bdb57c1e7ab7f75fb3293660606bb79b4551c28c38e7d673ceb,bar,2,28.0,fgmvp_0158,accepted,correct_within_2pct
a812edb9bbf14bdb57c1e7ab7f75fb3293660606bb79b4551c28c38e7d673ceb,bar,3,20.0,fgmvp_0159,accepted,geometry_error_gt_2pct
a812edb9bbf14bdb57c1e7ab7f75fb3293660606bb79b4551c28c38e7d673ceb,bar,4,18.0,fgmvp_0160,accepted,geometry_error_gt_2pct
a812edb9bbf14bdb57c1e7ab7f75fb3293660606bb79b4551c28c38e7d673ceb,bar,5,17.0,fgmvp_0161,accepted,correct_within_2pct
d084c507f60eeed28fbd324fd2848238c397f470e50d18ad349b8f6487804697,bar,0,6.5,fgmvp_0162,accepted,correct_within_2pct
d084c507f60eeed28fbd324fd2848238c397f470e50d18ad349b8f6487804697,bar,1,6.5,fgmvp_0163,accepted,correct_within_2pct
d084c507f60eeed28fbd324fd2848238c397f470e50d18ad349b8f6487804697,bar,2,6.1,fgmvp_0164,accepted,correct_within_2pct
d084c507f60eeed28fbd324fd2848238c397f470e50d18ad349b8f6487804697,bar,3,1.8,fgmvp_0165,accepted,correct_within_2pct
125bf3e8d1eb5611841fcf1bca283ce9a189382bae5ecb44aba5b8f5b82f340f,bar,0,113.0,,construction_failed,construction_failed
125bf3e8d1eb5611841fcf1bca283ce9a189382bae5ecb44aba5b8f5b82f340f,bar,1,121.0,,construction_failed,construction_failed
125bf3e8d1eb5611841fcf1bca283ce9a189382bae5ecb44aba5b8f5b82f340f,bar,2,92.0,,construction_failed,construction_failed
125bf3e8d1eb5611841fcf1bca283ce9a189382bae5ecb44aba5b8f5b82f340f,bar,3,86.0,,construction_failed,construction_failed
125bf3e8d1eb5611841fcf1bca283ce9a189382bae5ecb44aba5b8f5b82f340f,bar,4,95.0,,construction_failed,construction_failed
125bf3e8d1eb5611841fcf1bca283ce9a189382bae5ecb44aba5b8f5b82f340f,bar,5,89.0,,construction_failed,construction_failed
17c6c561c6276c4aab1b6bd0697280bd78983f4ae29059d03539d20ac7c11daa,bar,0,97.0,,construction_failed,construction_failed
17c6c561c6276c4aab1b6bd0697280bd78983f4ae29059d03539d20ac7c11daa,bar,1,59.0,fgmvp_0166,accepted,correct_within_2pct
f45ed58d1cd78dd28db26df15d7293cd8c353bb6caf1c5985612876063a477fc,bar,0,26.3,fgmvp_0167,accepted,correct_within_2pct
f45ed58d1cd78dd28db26df15d7293cd8c353bb6caf1c5985612876063a477fc,bar,1,26.9,fgmvp_0168,accepted,correct_within_2pct
f45ed58d1cd78dd28db26df15d7293cd8c353bb6caf1c5985612876063a477fc,bar,2,25.6,fgmvp_0169,accepted,correct_within_2pct
f45ed58d1cd78dd28db26df15d7293cd8c353bb6caf1c5985612876063a477fc,bar,3,24.1,fgmvp_0170,accepted,correct_within_2pct
a091ae4ada9bc30b94c5477426b67fbdfc11c1e5dfa223faf6829365640237e6,bar,0,13.0,,construction_failed,construction_failed
a091ae4ada9bc30b94c5477426b67fbdfc11c1e5dfa223faf6829365640237e6,bar,1,16.0,,construction_failed,construction_failed
a091ae4ada9bc30b94c5477426b67fbdfc11c1e5dfa223faf6829365640237e6,bar,2,14.0,,construction_failed,construction_failed
6acbf26d07dab53f18d0e6ff9eb6114d7981fa6bbab42c5bc68929ebacf0de1b,bar,0,13.7,fgmvp_0171,accepted,correct_within_2pct
6acbf26d07dab53f18d0e6ff9eb6114d7981fa6bbab42c5bc68929ebacf0de1b,bar,1,7.5,fgmvp_0172,accepted,correct_within_2pct
6acbf26d07dab53f18d0e6ff9eb6114d7981fa6bbab42c5bc68929ebacf0de1b,bar,2,6.3,fgmvp_0173,accepted,correct_within_2pct
6acbf26d07dab53f18d0e6ff9eb6114d7981fa6bbab42c5bc68929ebacf0de1b,bar,3,3.6,fgmvp_0174,accepted,correct_within_2pct
6acbf26d07dab53f18d0e6ff9eb6114d7981fa6bbab42c5bc68929ebacf0de1b,bar,4,1.4,fgmvp_0175,accepted,correct_within_2pct
27e5374d78e0474e0505c409414bbecb66f6b62dc1a83f43a0262ce91c62e6c4,bar,0,41.0,fgmvp_0176,accepted,correct_within_2pct
27e5374d78e0474e0505c409414bbecb66f6b62dc1a83f43a0262ce91c62e6c4,bar,1,41.0,fgmvp_0177,accepted,correct_within_2pct
18bb8b3f69e5fc0f73dbc3c6ed1ad5be56eb13eec281030ca09805d9b2333be6,bar,0,100.4,fgmvp_0178,accepted,correct_within_2pct
18bb8b3f69e5fc0f73dbc3c6ed1ad5be56eb13eec281030ca09805d9b2333be6,bar,1,35.6,fgmvp_0179,accepted,correct_within_2pct
18bb8b3f69e5fc0f73dbc3c6ed1ad5be56eb13eec281030ca09805d9b2333be6,bar,2,16.4,fgmvp_0180,accepted,correct_within_2pct
18bb8b3f69e5fc0f73dbc3c6ed1ad5be56eb13eec281030ca09805d9b2333be6,bar,3,24.0,fgmvp_0181,accepted,correct_within_2pct
da8227279fa53d8478e6d3278ee08bf02b508e108a5f6e96efffd4b1649dc0fe,bar,0,688.0,fgmvp_0182,accepted,correct_within_2pct
da8227279fa53d8478e6d3278ee08bf02b508e108a5f6e96efffd4b1649dc0fe,bar,1,574.0,fgmvp_0183,accepted,correct_within_2pct
da8227279fa53d8478e6d3278ee08bf02b508e108a5f6e96efffd4b1649dc0fe,bar,2,506.0,,construction_failed,construction_failed
da8227279fa53d8478e6d3278ee08bf02b508e108a5f6e96efffd4b1649dc0fe,bar,3,396.0,fgmvp_0184,accepted,correct_within_2pct
da8227279fa53d8478e6d3278ee08bf02b508e108a5f6e96efffd4b1649dc0fe,bar,4,142.0,fgmvp_0185,accepted,correct_within_2pct
e287cbe2efd50476d70628382e1546ba75a85044b6a44c4e67ac434de381a16d,bar,0,3.4,fgmvp_0186,accepted,correct_within_2pct
e287cbe2efd50476d70628382e1546ba75a85044b6a44c4e67ac434de381a16d,bar,1,2.5,fgmvp_0187,accepted,correct_within_2pct
e287cbe2efd50476d70628382e1546ba75a85044b6a44c4e67ac434de381a16d,bar,2,2.6,fgmvp_0188,accepted,correct_within_2pct
e287cbe2efd50476d70628382e1546ba75a85044b6a44c4e67ac434de381a16d,bar,3,3.0,fgmvp_0189,accepted,correct_within_2pct
e287cbe2efd50476d70628382e1546ba75a85044b6a44c4e67ac434de381a16d,bar,4,1.4,fgmvp_0190,accepted,correct_within_2pct
e287cbe2efd50476d70628382e1546ba75a85044b6a44c4e67ac434de381a16d,bar,5,1.2,fgmvp_0191,accepted,correct_within_2pct
e287cbe2efd50476d70628382e1546ba75a85044b6a44c4e67ac434de381a16d,bar,6,0.7,fgmvp_0192,accepted,correct_within_2pct
8031712cb555d0e625558f8a88b92a2fd55115eadc8123ebc0ef94f9da761eff,bar,0,51.5,fgmvp_0193,accepted,correct_within_2pct
8031712cb555d0e625558f8a88b92a2fd55115eadc8123ebc0ef94f9da761eff,bar,1,37.6,fgmvp_0194,accepted,correct_within_2pct
8031712cb555d0e625558f8a88b92a2fd55115eadc8123ebc0ef94f9da761eff,bar,2,45.7,,construction_failed,construction_failed
8031712cb555d0e625558f8a88b92a2fd55115eadc8123ebc0ef94f9da761eff,bar,3,22.6,fgmvp_0195,accepted,correct_within_2pct
8031712cb555d0e625558f8a88b92a2fd55115eadc8123ebc0ef94f9da761eff,bar,4,23.4,fgmvp_0196,accepted,correct_within_2pct
8031712cb555d0e625558f8a88b92a2fd55115eadc8123ebc0ef94f9da761eff,bar,5,8.8,,construction_failed,construction_failed
9f40cc7d0e51c9a561d9eca3e81e6616c148bc5feb8d9361140b51d37a0d8366,bar,0,3.24,,construction_failed,construction_failed
9f40cc7d0e51c9a561d9eca3e81e6616c148bc5feb8d9361140b51d37a0d8366,bar,1,3.229,,construction_failed,construction_failed
9f40cc7d0e51c9a561d9eca3e81e6616c148bc5feb8d9361140b51d37a0d8366,bar,2,1.49,,construction_failed,construction_failed
8d32f550217a1239a7ee745d19d9674f435b6df08ef284499bfa9e95ad8a2d52,bar,0,19.7,fgmvp_0197,accepted,correct_within_2pct
8d32f550217a1239a7ee745d19d9674f435b6df08ef284499bfa9e95ad8a2d52,bar,1,17.3,fgmvp_0198,accepted,correct_within_2pct
8d32f550217a1239a7ee745d19d9674f435b6df08ef284499bfa9e95ad8a2d52,bar,2,12.0,fgmvp_0199,accepted,correct_within_2pct
8d32f550217a1239a7ee745d19d9674f435b6df08ef284499bfa9e95ad8a2d52,bar,3,11.0,fgmvp_0200,accepted,correct_within_2pct
8d32f550217a1239a7ee745d19d9674f435b6df08ef284499bfa9e95ad8a2d52,bar,4,5.5,fgmvp_0201,accepted,correct_within_2pct
8d32f550217a1239a7ee745d19d9674f435b6df08ef284499bfa9e95ad8a2d52,bar,5,3.2,fgmvp_0202,accepted,correct_within_2pct
e41dde6d5b0ac116f98c2c6812811ff01d451b10c57b2d511d68c45d5d8d46ce,bar,0,58.6,,construction_failed,construction_failed
e41dde6d5b0ac116f98c2c6812811ff01d451b10c57b2d511d68c45d5d8d46ce,bar,1,56.5,,construction_failed,construction_failed
e41dde6d5b0ac116f98c2c6812811ff01d451b10c57b2d511d68c45d5d8d46ce,bar,2,56.9,,construction_failed,construction_failed
e41dde6d5b0ac116f98c2c6812811ff01d451b10c57b2d511d68c45d5d8d46ce,bar,3,52.7,,construction_failed,construction_failed
3ad554d70f7bfb60b34e389b9aacd1226dc40a56280011ae6cf8f462475c9c5f,bar,0,35.6,fgmvp_0203,accepted,correct_within_2pct
dee57608490d0ab8cdc5a974268afe9d8346124007569a648c3e44241356dcd5,bar,0,20.39,,construction_failed,construction_failed
dee57608490d0ab8cdc5a974268afe9d8346124007569a648c3e44241356dcd5,bar,1,20.0,fgmvp_0204,accepted,correct_within_2pct
e6ea88040833848fa9bb1451629bb4cdce80de453fcd33044e43215a891b5513,bar,0,19.8,fgmvp_0205,accepted,correct_within_2pct
e6ea88040833848fa9bb1451629bb4cdce80de453fcd33044e43215a891b5513,bar,1,20.4,fgmvp_0206,accepted,correct_within_2pct
828778f64c47c68f388fc85a931e37f8d1b9687f6ed8110b479545f5ceb6a580,bar,0,44.9,fgmvp_0207,accepted,correct_within_2pct
828778f64c47c68f388fc85a931e37f8d1b9687f6ed8110b479545f5ceb6a580,bar,1,43.7,fgmvp_0208,accepted,correct_within_2pct
828778f64c47c68f388fc85a931e37f8d1b9687f6ed8110b479545f5ceb6a580,bar,2,41.9,fgmvp_0209,accepted,correct_within_2pct
828778f64c47c68f388fc85a931e37f8d1b9687f6ed8110b479545f5ceb6a580,bar,3,38.9,fgmvp_0210,accepted,correct_within_2pct
828778f64c47c68f388fc85a931e37f8d1b9687f6ed8110b479545f5ceb6a580,bar,4,36.9,fgmvp_0211,accepted,correct_within_2pct
82394dbe9e5ffd0d8e62d047229e5095f1b0dac53296d913a9e4a65565770576,bar,0,6.0,,construction_failed,construction_failed
82394dbe9e5ffd0d8e62d047229e5095f1b0dac53296d913a9e4a65565770576,bar,1,15.0,fgmvp_0212,accepted,correct_within_2pct
82394dbe9e5ffd0d8e62d047229e5095f1b0dac53296d913a9e4a65565770576,bar,2,25.0,fgmvp_0213,accepted,correct_within_2pct
82394dbe9e5ffd0d8e62d047229e5095f1b0dac53296d913a9e4a65565770576,bar,3,30.0,fgmvp_0214,accepted,correct_within_2pct
82394dbe9e5ffd0d8e62d047229e5095f1b0dac53296d913a9e4a65565770576,bar,4,2.0,,construction_failed,construction_failed
ae0fbfa81783e9a42d131f0e3068f6510f1174fde6b5bee18c2445a1e510a4db,bar,0,42.7,fgmvp_0215,accepted,correct_within_2pct
ae0fbfa81783e9a42d131f0e3068f6510f1174fde6b5bee18c2445a1e510a4db,bar,1,40.6,fgmvp_0216,accepted,correct_within_2pct
2c84a0155e7c7059570e1dc701b10ca2dc0fe6298fb5b35a883b0647c66b2bda,bar,0,46.6,fgmvp_0217,accepted,correct_within_2pct
2c84a0155e7c7059570e1dc701b10ca2dc0fe6298fb5b35a883b0647c66b2bda,bar,1,34.7,fgmvp_0218,accepted,correct_within_2pct
2c84a0155e7c7059570e1dc701b10ca2dc0fe6298fb5b35a883b0647c66b2bda,bar,2,25.7,fgmvp_0219,accepted,correct_within_2pct
2c84a0155e7c7059570e1dc701b10ca2dc0fe6298fb5b35a883b0647c66b2bda,bar,3,8.7,fgmvp_0220,accepted,correct_within_2pct
dc78b427c2fcfac27280cb1ef8bbdda3112ec57af8bb13cef895d8ed799f629e,bar,0,18.0,,construction_failed,construction_failed
36c03d67a0a138bec8c08a66b03709f8fd04ecf05da47dc00254fdbe2e21af3a,bar,0,21.0,fgmvp_0221,accepted,correct_within_2pct
36c03d67a0a138bec8c08a66b03709f8fd04ecf05da47dc00254fdbe2e21af3a,bar,1,25.0,fgmvp_0222,accepted,correct_within_2pct
36c03d67a0a138bec8c08a66b03709f8fd04ecf05da47dc00254fdbe2e21af3a,bar,2,12.0,fgmvp_0223,accepted,correct_within_2pct
36c03d67a0a138bec8c08a66b03709f8fd04ecf05da47dc00254fdbe2e21af3a,bar,3,10.0,fgmvp_0224,accepted,correct_within_2pct
36c03d67a0a138bec8c08a66b03709f8fd04ecf05da47dc00254fdbe2e21af3a,bar,4,19.0,fgmvp_0225,accepted,correct_within_2pct
fb0e35321af38020502240f0f1633e70be323dbaee7d43e109304efb9c99fb60,bar,0,17.5,fgmvp_0226,accepted,correct_within_2pct
fb0e35321af38020502240f0f1633e70be323dbaee7d43e109304efb9c99fb60,bar,1,17.0,fgmvp_0227,accepted,correct_within_2pct
fb0e35321af38020502240f0f1633e70be323dbaee7d43e109304efb9c99fb60,bar,2,16.5,fgmvp_0228,accepted,correct_within_2pct
fb0e35321af38020502240f0f1633e70be323dbaee7d43e109304efb9c99fb60,bar,3,16.0,fgmvp_0229,accepted,correct_within_2pct
fb0e35321af38020502240f0f1633e70be323dbaee7d43e109304efb9c99fb60,bar,4,16.0,fgmvp_0230,accepted,correct_within_2pct
fb0e35321af38020502240f0f1633e70be323dbaee7d43e109304efb9c99fb60,bar,5,17.2,fgmvp_0231,accepted,correct_within_2pct
3822fe9af1acb759ae19dc9db77cc35d3110c674b9b26901e7269f79568a13e0,bar,0,23.0,fgmvp_0232,accepted,correct_within_2pct
3822fe9af1acb759ae19dc9db77cc35d3110c674b9b26901e7269f79568a13e0,bar,1,31.0,fgmvp_0233,accepted,correct_within_2pct
3822fe9af1acb759ae19dc9db77cc35d3110c674b9b26901e7269f79568a13e0,bar,2,11.0,fgmvp_0234,accepted,correct_within_2pct
3822fe9af1acb759ae19dc9db77cc35d3110c674b9b26901e7269f79568a13e0,bar,3,19.0,fgmvp_0235,accepted,correct_within_2pct
9aff41a612557b3aa55906331cbb7098d4aa0c632337e22ba6d4dd95f2fb30ad,bar,0,3.9,fgmvp_0236,accepted,correct_within_2pct
9aff41a612557b3aa55906331cbb7098d4aa0c632337e22ba6d4dd95f2fb30ad,bar,1,4.9,fgmvp_0237,accepted,correct_within_2pct
65fed7b10054d8f2200ccfc59fa01a9560b109e468758931c0e0cc023b6e69ac,bar,0,6.0,fgmvp_0238,accepted,correct_within_2pct
65fed7b10054d8f2200ccfc59fa01a9560b109e468758931c0e0cc023b6e69ac,bar,1,3.0,fgmvp_0239,accepted,correct_within_2pct
b8dc979da31a72808058dc616c7cd4504129a10d31af0d2155e5b16455e61827,bar,0,1.5,fgmvp_0240,accepted,correct_within_2pct
7bdb29b657afc5581db608a80ae61a0287d8dbfe1fcb24c036c6f90e8e5e2643,bar,0,381.0,fgmvp_0241,accepted,correct_within_2pct
7bdb29b657afc5581db608a80ae61a0287d8dbfe1fcb24c036c6f90e8e5e2643,bar,1,103.0,fgmvp_0242,accepted,correct_within_2pct
4feb7278f061a991ea8aaa04725ad85e115058efe47649d51626fcc9aed0308f,bar,0,134.0,fgmvp_0243,accepted,correct_within_2pct
4feb7278f061a991ea8aaa04725ad85e115058efe47649d51626fcc9aed0308f,bar,1,8.0,,construction_failed,construction_failed
3b36a002064d789d03f2005302e9ffac3445b929b910f0b0e5c6fdf50720b520,bar,0,46.0,,construction_failed,construction_failed
3b36a002064d789d03f2005302e9ffac3445b929b910f0b0e5c6fdf50720b520,bar,1,30.1,,construction_failed,construction_failed
3b36a002064d789d03f2005302e9ffac3445b929b910f0b0e5c6fdf50720b520,bar,2,45.4,,construction_failed,construction_failed
3b36a002064d789d03f2005302e9ffac3445b929b910f0b0e5c6fdf50720b520,bar,3,22.1,,construction_failed,construction_failed
3b36a002064d789d03f2005302e9ffac3445b929b910f0b0e5c6fdf50720b520,bar,4,41.7,,construction_failed,construction_failed
3b36a002064d789d03f2005302e9ffac3445b929b910f0b0e5c6fdf50720b520,bar,5,28.2,,construction_failed,construction_failed
ace8e5f4b2d818db4454f4100daee1cf7521458feeb21eadb1f85c1323b50a1c,bar,0,20.2,fgmvp_0244,accepted,correct_within_2pct
ace8e5f4b2d818db4454f4100daee1cf7521458feeb21eadb1f85c1323b50a1c,bar,1,11.2,fgmvp_0245,accepted,correct_within_2pct
231d575a3bb0ec3e43be3dc0f2c283c235657d98062655b6180966c87ea43c65,bar,0,8.8,fgmvp_0246,accepted,correct_within_2pct
231d575a3bb0ec3e43be3dc0f2c283c235657d98062655b6180966c87ea43c65,bar,1,9.4,fgmvp_0247,accepted,correct_within_2pct
231d575a3bb0ec3e43be3dc0f2c283c235657d98062655b6180966c87ea43c65,bar,2,5.0,fgmvp_0248,accepted,correct_within_2pct
231d575a3bb0ec3e43be3dc0f2c283c235657d98062655b6180966c87ea43c65,bar,3,7.8,fgmvp_0249,accepted,correct_within_2pct
231d575a3bb0ec3e43be3dc0f2c283c235657d98062655b6180966c87ea43c65,bar,4,2.3,fgmvp_0250,accepted,correct_within_2pct
6035ec2e1197ba04f0b9b73df44571ebb1e53294fd2df5d2162e51957306be05,bar,0,14.6,fgmvp_0251,accepted,correct_within_2pct
6035ec2e1197ba04f0b9b73df44571ebb1e53294fd2df5d2162e51957306be05,bar,1,10.6,fgmvp_0252,accepted,correct_within_2pct
b1ecdc197e17bd202d70738dd7ea349eb6493fd0f6fe134896770feced660fe3,bar,0,19.0,fgmvp_0253,accepted,correct_within_2pct
bfc33ae17d933895f3d52d78476ba5142e7d353623d16d0c252275d6e40367c3,bar,0,179.0,,construction_failed,construction_failed
bfc33ae17d933895f3d52d78476ba5142e7d353623d16d0c252275d6e40367c3,bar,1,6.0,,construction_failed,construction_failed
bfc33ae17d933895f3d52d78476ba5142e7d353623d16d0c252275d6e40367c3,bar,2,119.0,,construction_failed,construction_failed
bfc33ae17d933895f3d52d78476ba5142e7d353623d16d0c252275d6e40367c3,bar,3,8.0,,construction_failed,construction_failed
bfc33ae17d933895f3d52d78476ba5142e7d353623d16d0c252275d6e40367c3,bar,4,29.0,,construction_failed,construction_failed
c467b88717974dbdd113924b59fd2661d64e9a12e8412153061cc68942a2b122,bar,0,3.8,,construction_failed,construction_failed
e7c8acade046372209dff5d3212a5c6bfc8ea149679f57569308ff23904556b1,bar,0,8.0,,construction_failed,construction_failed
f8397d215b66ea8f32c900fc81ef9bcad597bd641f9de2e4e04dac4f7bf96944,bar,0,5.1,fgmvp_0254,accepted,correct_within_2pct
14877643e9e1724187312912484160c225be8b712b57d21c7ed4e3a652319403,bar,0,14.1,fgmvp_0255,accepted,correct_within_2pct
2053449d42ad9411eae99b9d96ecb200c559ad0439b321a562320c1168e72f23,bar,0,8.0,fgmvp_0256,accepted,correct_within_2pct
290ac6c778ba7651780044de310492c3e8409dc5f47451570fa65191ed518da6,bar,0,6.0,fgmvp_0257,accepted,correct_within_2pct
2312721c64d4f3d2f42461c01077a09c78da9a95450509d143ffcae72b9ecfc0,bar,0,4.8,fgmvp_0258,accepted,correct_within_2pct
