stage,chart_id,chart_kind,sample_id,status,reason
runtime,02fbe52b0addee5150272781d9f1cd9034dff40bb5674f6f804a0c50ef7cda29,multi_line,phase4_line_0001,ambiguous_series,legend_color_mismatch
runtime,2d5c7091b9d4b68f0a8d756bc6ae376deb6783a8dce2980aa935997309f689d2,multi_line,phase4_line_0020,ambiguous_series,legend_color_mismatch
runtime,2f64995a24fe867563e33e8a669cf7c0665747a51ba6e3a60c63ed8f92b6d8f9,single_line,phase4_line_0021,line_localization_failed,no_recoverable_point_at_target_x
runtime,2f64995a24fe867563e33e8a669cf7c0665747a51ba6e3a60c63ed8f92b6d8f9,single_line,phase4_line_0022,line_localization_failed,target_series_missing_near_target_x
runtime,2f84858d40ae59e95053cfdcf2a53a07182c1033873786b6e51911f93ab8e8de,multi_line,phase4_line_0023,ambiguous_series,local_overlap_with_other_series
runtime,41bfb4e074dcc1b142ca6508a876e4a6b111873f59d94a2af726f7f9cd0eec7d,multi_line,phase4_line_0030,ambiguous_series,question_has_no_series_but_chart_has_multiple_lines
runtime,430fc856acd67489214e939cda8bc73ef4017815e24f13d46ec22009ba852efd,multi_line,phase4_line_0033,ambiguous_series,question_has_no_series_but_chart_has_multiple_lines
runtime,4f0ec49d1ae75953e5429ee20390b59b5c10823b2d36dd887a03151848dd6ac3,multi_line,phase4_line_0034,ambiguous_series,question_has_no_series_but_chart_has_multiple_lines
runtime,4f0ec49d1ae75953e5429ee20390b59b5c10823b2d36dd887a03151848dd6ac3,multi_line,phase4_line_0035,ambiguous_series,question_has_no_series_but_chart_has_multiple_lines
runtime,4f0ec49d1ae75953e5429ee20390b59b5c10823b2d36dd887a03151848dd6ac3,multi_line,phase4_line_0036,ambiguous_series,question_has_no_series_but_chart_has_multiple_lines
runtime,61e21ce6de0d5fd0f81a3ca77dccc7f099f90340094a3b293267e82705005f9b,multi_line,phase4_line_0037,ambiguous_series,question_has_no_series_but_chart_has_multiple_lines
runtime,61e21ce6de0d5fd0f81a3ca77dccc7f099f90340094a3b293267e82705005f9b,multi_line,phase4_line_0039,ambiguous_series,question_has_no_series_but_chart_has_multiple_lines
runtime,61e21ce6de0d5fd0f81a3ca77dccc7f099f90340094a3b293267e82705005f9b,multi_line,phase4_line_0040,ambiguous_series,question_has_no_series_but_chart_has_multiple_lines
runtime,61e21ce6de0d5fd0f81a3ca77dccc7f099f90340094a3b293267e82705005f9b,multi_line,phase4_line_0041,ambiguous_series,question_has_no_series_but_chart_has_multiple_lines
runtime,71fab834bf28317f1537051879700ee8e8187e5b03929d3a4df3ac48191f42a8,multi_line,phase4_line_0045,ambiguous_series,local_overlap_with_other_series
runtime,785c295d56f999c992be816668d2cff9eed8392ee1be4d7e9604231848918104,single_line,phase4_line_0046,ambiguous_series,question_has_no_series_but_chart_has_multiple_lines
runtime,785c295d56f999c992be816668d2cff9eed8392ee1be4d7e9604231848918104,single_line,phase4_line_0047,ambiguous_series,question_has_no_series_but_chart_has_multiple_lines
runtime,81c2916fe1c4b6878c4df85a7e7408cc233dbab8aa74503a278161542d3846d0,single_line,phase4_line_0049,line_localization_failed,target_series_missing_near_target_x
runtime,831efdf5408cdffad6ee9deae12dbc2ec0beb864a7bbf17040568b8800901f63,multi_line,phase4_line_0050,ambiguous_series,question_has_no_series_but_chart_has_multiple_lines
runtime,831efdf5408cdffad6ee9deae12dbc2ec0beb864a7bbf17040568b8800901f63,multi_line,phase4_line_0052,ambiguous_series,question_has_no_series_but_chart_has_multiple_lines
construction,001626b047a1d9e3775df58be6cf8605d907c97f9d5b76f9ef1dc35e033b1e66,multi_line,,rejected,no_series_pixels_near_gold_y
construction,001626b047a1d9e3775df58be6cf8605d907c97f9d5b76f9ef1dc35e033b1e66,multi_line,,no_label_accepted,
construction,02fbe52b0addee5150272781d9f1cd9034dff40bb5674f6f804a0c50ef7cda29,multi_line,,rejected,target_series_not_in_legend
construction,02fbe52b0addee5150272781d9f1cd9034dff40bb5674f6f804a0c50ef7cda29,multi_line,,accepted,
construction,03103a3b4ea09614af30d3c3f32797cc61808d8a3ef6dd4300eba000f8ea52d4,multi_line,,rejected,crop_ocr_did_not_confirm_value
construction,03103a3b4ea09614af30d3c3f32797cc61808d8a3ef6dd4300eba000f8ea52d4,multi_line,,no_label_accepted,
construction,044ddc0a03bbfdd12c3c4cddf7b2a27bac597d55df9d8a1f7b7c2155b86b7766,multi_line,,accepted,
construction,04901894fd4c37e24c7dc81559baba28d48552ad4d35b8d55782a2a9c4a9e937,single_line,,rejected,no_reliable_semantic_x_target
construction,04901894fd4c37e24c7dc81559baba28d48552ad4d35b8d55782a2a9c4a9e937,single_line,,rejected,no_reliable_semantic_x_target
construction,04901894fd4c37e24c7dc81559baba28d48552ad4d35b8d55782a2a9c4a9e937,single_line,,accepted,
construction,04d180c537e20cda970f86db695a0c0112ac3ccd016024251d2f6fdc782f2c50,multi_line,,accepted,
construction,069afeaba0d15ce78e7961e93c72de6ea52ecd1a71e2d2820cd8f2383cbb4982,single_line,,no_coherent_x_anchor_sequence,
construction,06a73a7731c3672cc4bea77d9297dcf6cf1978677e9d86625c331a15f42c133d,multi_line,,legend_unrecoverable_at_construction,
construction,06b64ec7d142065310314d2f3280cb8271c90d1ca0586dd97db9e41c6beda132,single_line,,bar_line_combination_out_of_scope,
construction,07291264ea3375d81863c45d5381d2a6b4aa964eafa847155c953f273eada49c,multi_line,,rejected,no_reliable_semantic_x_target
construction,07291264ea3375d81863c45d5381d2a6b4aa964eafa847155c953f273eada49c,multi_line,,accepted,
construction,078f086a69f59f8a9b87a1c65d994ffe2c1bfee0552ce9f091459389b1d729c9,multi_line,,no_coherent_x_anchor_sequence,
construction,0984f9f91153f4c634fe36acbd2e613ca604ad4dbdd5f14e90deb6fb1ca58447,single_line,,no_line_series_at_construction,
construction,0a36f719618c03c5eae5bc641d448ef4e2e4be78dc31ee4810e420b14e160350,single_line,,no_coherent_x_anchor_sequence,
construction,0b29203f223af5db5593570dc213d2ab9231fd234ec685e0e7babafffc197885,multi_line,,accepted,
construction,0bef2e96e94467fccaf269705ebad16c6f2d989ad28ff24aa8de8fecc9152733,multi_line,,bar_line_combination_out_of_scope,
construction,0d30f8e208c16c7246848f67ed3007c7e0de2bc719cbfdf1d82ccb46bba04eca,single_line,,bar_line_combination_out_of_scope,
construction,0e40dfdc1de3286bcff573dbdeca65940c0f2a5584d3da08f16267ccd289d51c,multi_line,,accepted,
construction,10ed1b4ece4aab17b02d4dd895726f1f102ed954180d98875a6bde80a7f0aa90,multi_line,,no_coherent_x_anchor_sequence,
construction,10fb85e423020847d4ed37198ebd0f56d2a7e0e0f555349cda6678bf91fff318,multi_line,,bar_line_combination_out_of_scope,
construction,125bf3e8d1eb5611841fcf1bca283ce9a189382bae5ecb44aba5b8f5b82f340f,multi_line,,bar_line_combination_out_of_scope,
construction,13d33ca8afe33042fbfd73d92336e97bf5abfa1f254596124f2b3c3330d4b163,multi_line,,accepted,
construction,1485c42d1f5a96ffc2970c92a9081fd543704e1947972b6dd90c8506cc37f967,multi_line,,bar_line_combination_out_of_scope,
construction,17c6c561c6276c4aab1b6bd0697280bd78983f4ae29059d03539d20ac7c11daa,single_line,,bar_line_combination_out_of_scope,
construction,18684f6c61f843dee99b8e2758eb6609914a75665756711a6e9323847cdf63f5,multi_line,,no_coherent_x_anchor_sequence,
construction,197068b65de97348370460b6d758d558bf2b03814955506e154a4fc251f7119c,multi_line,,rejected,crop_ocr_did_not_confirm_value
construction,197068b65de97348370460b6d758d558bf2b03814955506e154a4fc251f7119c,multi_line,,rejected,target_series_not_in_legend
construction,197068b65de97348370460b6d758d558bf2b03814955506e154a4fc251f7119c,multi_line,,rejected,target_series_not_in_legend
construction,197068b65de97348370460b6d758d558bf2b03814955506e154a4fc251f7119c,multi_line,,no_label_accepted,
construction,1b8b05e8ff3f584d5b318438c38fcd737b331f8b856865c09127cc34aac3db47,multi_line,,bar_line_combination_out_of_scope,
construction,1c8a7c201cb876880e5b5b45ba328a50bd0deed4b6a264f8ab5c1c6947a57ec5,multi_line,,rejected,label_too_far_from_any_series
construction,1c8a7c201cb876880e5b5b45ba328a50bd0deed4b6a264f8ab5c1c6947a57ec5,multi_line,,no_label_accepted,
construction,1ef1dd5afa918b8dde1941142c5c36d870991018f6cabad0effca57aa646c3b3,single_line,,bar_line_combination_out_of_scope,
construction,2053449d42ad9411eae99b9d96ecb200c559ad0439b321a562320c1168e72f23,multi_line,,no_coherent_x_anchor_sequence,
construction,2299bdb915a90a685d20abce3696ca7a7ecce5c65583c0c45b03286b808815bc,multi_line,,accepted,
construction,24f88417e9ba4c1946deee5147085bae13e45f89e851c0d7644b8d121b359574,single_line,,bar_line_combination_out_of_scope,
construction,275f6a2d10a64a4f6ee00e92826f7957648f035197c4e45648a5e2505bfc0106,single_line,,bar_line_combination_out_of_scope,
construction,2a6cb688ecc10d292c729ab031e3cd051a46617a5f14a587e6f455447e18c5a1,multi_line,,rejected,no_series_pixels_near_gold_y
construction,2a6cb688ecc10d292c729ab031e3cd051a46617a5f14a587e6f455447e18c5a1,multi_line,,no_label_accepted,
construction,2ad76e5949a7db890b8985b5d310f953c91b1953225f1af72e96a2400aa5fa6d,single_line,,no_line_series_at_construction,
construction,2d5c7091b9d4b68f0a8d756bc6ae376deb6783a8dce2980aa935997309f689d2,multi_line,,accepted,
construction,2ddae60ff70976755f8abe7ac2df337a975cbb1512d23aaf013c6ebd59c7d6bd,multi_line,,bar_line_combination_out_of_scope,
construction,2f64995a24fe867563e33e8a669cf7c0665747a51ba6e3a60c63ed8f92b6d8f9,single_line,,rejected,no_reliable_semantic_x_target
construction,2f64995a24fe867563e33e8a669cf7c0665747a51ba6e3a60c63ed8f92b6d8f9,single_line,,accepted,
construction,2f84858d40ae59e95053cfdcf2a53a07182c1033873786b6e51911f93ab8e8de,multi_line,,rejected,no_reliable_semantic_x_target
construction,2f84858d40ae59e95053cfdcf2a53a07182c1033873786b6e51911f93ab8e8de,multi_line,,accepted,
construction,2fa0a7d0ebd348d498b0b6299368c17829b34933971a43dbed76d9c506a57ca4,multi_line,,accepted,
construction,30c0d5d99fc36fb3c96e9be1c9c47e15c1135e9037ffec297b22652d320f36d3,single_line,,accepted,
construction,32350aeec6d4c5062ea895c370983a0a998d51ab38da30459a4387af852b3564,multi_line,,legend_unrecoverable_at_construction,
construction,32c1c420fc8844f322ba55f2509f7a899a9490190eb3f2f1d5995a6b7e891877,multi_line,,no_coherent_x_anchor_sequence,
construction,331834e7376f766ca85cfcf9c100a738fdd42b70f55e4ec251203f92d0b774f5,multi_line,,rejected,target_series_not_in_legend
construction,331834e7376f766ca85cfcf9c100a738fdd42b70f55e4ec251203f92d0b774f5,multi_line,,no_label_accepted,
construction,3357738671f53e4c6f75fdb9f931f93977ee01e6a81a539575b1dedddf0082d7,multi_line,,rejected,no_reliable_semantic_x_target
construction,3357738671f53e4c6f75fdb9f931f93977ee01e6a81a539575b1dedddf0082d7,multi_line,,rejected,no_reliable_semantic_x_target
construction,3357738671f53e4c6f75fdb9f931f93977ee01e6a81a539575b1dedddf0082d7,multi_line,,rejected,no_reliable_semantic_x_target
construction,3357738671f53e4c6f75fdb9f931f93977ee01e6a81a539575b1dedddf0082d7,multi_line,,no_label_accepted,
construction,3570cd6566e81f7ef55f3b2ae5b5c7e35bd82e702597c16f2be5984a8e9d85c3,multi_line,,bar_line_combination_out_of_scope,
construction,36f436703545ef7d2e6cb070868163d880c649118f25685d8d99f7a8b531bf25,single_line,,no_coherent_x_anchor_sequence,
construction,390279230129b83f8a6fa7341c7e98eaa46c0b89c4d24c9b8bb2719cfbdd2616,multi_line,,no_coherent_x_anchor_sequence,
construction,39149c5b34d4ff2a9388abdce5ffc19a43191800b633b902a74e38b1208d6ba2,multi_line,,no_coherent_x_anchor_sequence,
construction,393d0ef07038b9ae3c153cdd6d18544c99894598ed983e04955f07a36b12f979,multi_line,,no_coherent_x_anchor_sequence,
construction,3941e5b38f45b24c6e17784f30ae61edb72c6be86cbfe01b6a53ea429da38525,single_line,,no_coherent_x_anchor_sequence,
construction,3a23f26fc5079c3ae76525aae50c0ba22ad8ca688667de6410841f7ee428f331,single_line,,bar_line_combination_out_of_scope,
construction,3a5714e0434e8226a7ca64d45e1ef1d2df8343a44316a6a450c131306afd2bbe,single_line,,bar_line_combination_out_of_scope,
construction,3ad554d70f7bfb60b34e389b9aacd1226dc40a56280011ae6cf8f462475c9c5f,single_line,,no_coherent_x_anchor_sequence,
construction,3c2fe6c13a54b2f9a2864e8cafdae7e0d5920d21a7c3eab15d04b199aa604d1b,multi_line,,no_coherent_x_anchor_sequence,
construction,3c89089e883fb017acc9d8ca961e7f6dd3ea02e450063bfa63dca2194e11b758,single_line,,no_coherent_x_anchor_sequence,
construction,3e16fb850d1fdf549446b747ca8310e88c689c39cabf2e5594eb8d2fbb91d354,multi_line,,rejected,no_series_pixels_near_gold_y
construction,3e16fb850d1fdf549446b747ca8310e88c689c39cabf2e5594eb8d2fbb91d354,multi_line,,rejected,no_series_pixels_near_gold_y
construction,3e16fb850d1fdf549446b747ca8310e88c689c39cabf2e5594eb8d2fbb91d354,multi_line,,rejected,no_series_pixels_near_gold_y
construction,3e16fb850d1fdf549446b747ca8310e88c689c39cabf2e5594eb8d2fbb91d354,multi_line,,no_label_accepted,
construction,40a352bed327fbcdd8997d6a702c3a2cf4f73f836c2df17963e2ababc309e63f,single_line,,no_coherent_x_anchor_sequence,
construction,41bfb4e074dcc1b142ca6508a876e4a6b111873f59d94a2af726f7f9cd0eec7d,multi_line,,accepted,
construction,430fc856acd67489214e939cda8bc73ef4017815e24f13d46ec22009ba852efd,multi_line,,rejected,no_reliable_semantic_x_target
construction,430fc856acd67489214e939cda8bc73ef4017815e24f13d46ec22009ba852efd,multi_line,,rejected,no_reliable_semantic_x_target
construction,430fc856acd67489214e939cda8bc73ef4017815e24f13d46ec22009ba852efd,multi_line,,accepted,
construction,43d521531347f949021779153fadb0f49887df869048cacb1bbc95ed0a1f7bfe,multi_line,,no_coherent_x_anchor_sequence,
construction,45de463c4229bdfcbabe872219fb9718ad87952989b9612044f7736037e41012,multi_line,,no_coherent_x_anchor_sequence,
construction,4ba17a60ee1ffacff3e634ec938c72b6a6b366fa5318f059c3f48b664a541cac,multi_line,,bar_line_combination_out_of_scope,
construction,4e134f86b7106e0d34f3eb6716459454737b738ad14f804e07e254d18bd829d8,multi_line,,legend_unrecoverable_at_construction,
construction,4f0ec49d1ae75953e5429ee20390b59b5c10823b2d36dd887a03151848dd6ac3,multi_line,,rejected,no_series_pixels_near_gold_y
construction,4f0ec49d1ae75953e5429ee20390b59b5c10823b2d36dd887a03151848dd6ac3,multi_line,,rejected,label_too_far_from_any_series
construction,4f0ec49d1ae75953e5429ee20390b59b5c10823b2d36dd887a03151848dd6ac3,multi_line,,accepted,
construction,50701f1f50bf06e03caa877734c555700c0dd7321ad8f7258613d71ce3f95e3b,multi_line,,rejected,no_series_pixels_near_gold_y
construction,50701f1f50bf06e03caa877734c555700c0dd7321ad8f7258613d71ce3f95e3b,multi_line,,no_label_accepted,
construction,50cf0aaed5e06b81e22be7650be66be4aef86658d030630bc6ee17d9e9e6ddc9,multi_line,,bar_line_combination_out_of_scope,
construction,5172079575aa500e90478c083b2abf023cb62f80dc2accab211f98d33f2d1b1f,multi_line,,bar_line_combination_out_of_scope,
construction,525343379e674cea7d22e9fac746ad7f478a6499abbd22cd817b601f29cbef3f,multi_line,,no_coherent_x_anchor_sequence,
construction,54b3525d0fd372e042ec23a2ddcfbc2c7ca085cf0b600775713be87f7237734d,single_line,,bar_line_combination_out_of_scope,
construction,580afdef8d504f11f96e0d689c3102f3e9d402955aa91e051f283de52115e59d,multi_line,,no_coherent_x_anchor_sequence,
construction,5861151906672a1b5e118a333da06f4ca67946b05134831c89cf7767a1c5b381,single_line,,bar_line_combination_out_of_scope,
construction,5aa04179dae9687b1cdb96afa9229a0ca1903f0e7ddfcab630fb73f1d2f88784,single_line,,no_coherent_x_anchor_sequence,
construction,5be9abb04a776c7b1760e33eb921ab277d0bcbfd46d064d8b14057c2cfa19511,single_line,,no_coherent_x_anchor_sequence,
construction,5c8184cab4a21bbd6b12bc4d163af4874b4d505c291d499539d23d327bf84f2b,multi_line,,bar_line_combination_out_of_scope,
construction,5d37fd6cf0058529ac4085c904e9cabe9ed312d208e128ed679470e667354660,multi_line,,bar_line_combination_out_of_scope,
construction,6035ec2e1197ba04f0b9b73df44571ebb1e53294fd2df5d2162e51957306be05,multi_line,,bar_line_combination_out_of_scope,
construction,61e21ce6de0d5fd0f81a3ca77dccc7f099f90340094a3b293267e82705005f9b,multi_line,,accepted,
construction,62e5cf5a0da6a0dde86604011e459369df559196bc2863cc907ff7400f6a51c5,single_line,,bar_line_combination_out_of_scope,
construction,63534e777ffe73a3e8737b25bf41765f8ca458ca43c2ce783eed06d15215c4fc,multi_line,,accepted,
construction,643a20cddb5bd8cce8c7fbae2c4b895701ffd5f0231b7a3dcba7285e5f5cc231,multi_line,,no_coherent_x_anchor_sequence,
construction,65fed7b10054d8f2200ccfc59fa01a9560b109e468758931c0e0cc023b6e69ac,single_line,,bar_line_combination_out_of_scope,
construction,6787817fb4bd8e404a40792ff2d08ca4188c627d9814915542185868d7b64816,multi_line,,bar_line_combination_out_of_scope,
construction,67ca573ca64021e3c82bc330f74c2f6bfb53c3c039fe6dd98190cb83355e7232,single_line,,no_coherent_x_anchor_sequence,
construction,6808616d47bb5c5b50f549b659381689fc433139b7551b7b4c0b2424195dc336,multi_line,,rejected,no_reliable_semantic_x_target
construction,6808616d47bb5c5b50f549b659381689fc433139b7551b7b4c0b2424195dc336,multi_line,,no_label_accepted,
construction,693b2156e81e71f6d351dfb9c5315d5045f8ca0f24f618327491979c9c68c3c1,multi_line,,bar_line_combination_out_of_scope,
construction,6977886deaf6abc8a04de239a45ad5f7e783f538a49867de21c2a4e3460cecd0,single_line,,bar_line_combination_out_of_scope,
construction,6a72b2c7578fe358d67174ec1a3a0f74cfa897fbb18cd4b8324e690451babc43,single_line,,rejected,no_reliable_semantic_x_target
construction,6a72b2c7578fe358d67174ec1a3a0f74cfa897fbb18cd4b8324e690451babc43,single_line,,rejected,no_reliable_semantic_x_target
construction,6a72b2c7578fe358d67174ec1a3a0f74cfa897fbb18cd4b8324e690451babc43,single_line,,no_label_accepted,
construction,6bc3af533e6d2dea21819f378c4af024581201a3abb97449d453ddb69c3ee7f6,multi_line,,bar_line_combination_out_of_scope,
construction,6fac8c8ed60ef83a8555477cac189302ef81bbd8fa82dd33be2d480c29a43102,single_line,,no_coherent_x_anchor_sequence,
construction,6fd4b9fbd12cbd6b602a6ed906d77e069dc59e5ae9a96415dbecc6802113ef0d,multi_line,,bar_line_combination_out_of_scope,
construction,700680c3347b6b9a737f128290f0b0337072d6f095bf172fd63db8c901e5e088,multi_line,,bar_line_combination_out_of_scope,
construction,71cc448cbb854904cec8c561deec8bdfc50e79a6db132222426a35ca0663a5c2,multi_line,,rejected,target_series_not_in_legend
construction,71cc448cbb854904cec8c561deec8bdfc50e79a6db132222426a35ca0663a5c2,multi_line,,rejected,target_series_not_in_legend
construction,71cc448cbb854904cec8c561deec8bdfc50e79a6db132222426a35ca0663a5c2,multi_line,,no_label_accepted,
construction,71fab834bf28317f1537051879700ee8e8187e5b03929d3a4df3ac48191f42a8,multi_line,,accepted,
construction,726bc99b5a0dec7892300840011e8917c7b64ad6b944e3598264e16592cef496,multi_line,,no_coherent_x_anchor_sequence,
construction,72c309502ea1332d63ce3cb2566fc1cbebbc5b92cdca3a6b965c6fafcdb83281,multi_line,,bar_line_combination_out_of_scope,
construction,733bfd49d5c1304ddf3b0aaaa4e8a1aed52bf719cf0e377e57de9d25707b639d,single_line,,no_coherent_x_anchor_sequence,
construction,74c1f96114e4695d5358d2ef4d49aaf01b1fcc21587e97620827fe926d8190fe,single_line,,no_coherent_x_anchor_sequence,
construction,759769bfc34d2276057c1137401274d5e2bd2462a773dc7be9f5b94f7f9d3154,multi_line,,no_coherent_x_anchor_sequence,
construction,761e2237f8d142286e26fc5836182e6de753e96f0cb96b4108926f53254cfbdc,single_line,,no_coherent_x_anchor_sequence,
construction,785c295d56f999c992be816668d2cff9eed8392ee1be4d7e9604231848918104,single_line,,accepted,
construction,792440321b863ac6be350ce8b609ebfb542df939f1746c22c34e55e0ca0d0815,multi_line,,no_coherent_x_anchor_sequence,
construction,7bdb29b657afc5581db608a80ae61a0287d8dbfe1fcb24c036c6f90e8e5e2643,single_line,,bar_line_combination_out_of_scope,
construction,7be392f511992c41ccfdcc40f659566d6b97dc0795b26c4028659ea6b10a7dae,single_line,,rejected,crop_ocr_did_not_confirm_value
construction,7be392f511992c41ccfdcc40f659566d6b97dc0795b26c4028659ea6b10a7dae,single_line,,no_label_accepted,
construction,7cd155e36acc8283014a63b2a56150e3507a2fc789a0480aae088ef130c16794,multi_line,,bar_line_combination_out_of_scope,
construction,7e9e49fa4fd4e3a3bc926fb600778400dbe4c29b44282b6ea0be036080fb4adf,multi_line,,legend_unrecoverable_at_construction,
construction,7e9f8f2acd915018623562a652b860212d4565571880c6c4af1689827534d1a8,multi_line,,bar_line_combination_out_of_scope,
construction,800ff5c7a837baddc08b0df95f4816c6326bf94331ca12cbb60034957fac10e0,single_line,,no_coherent_x_anchor_sequence,
construction,8041c226357c8dcd4243c4e523aecfa8f1f00c811b6cabb6ea4090ce2c381073,single_line,,no_line_series_at_construction,
construction,814e714d7195f873aa170b607266565df60371a766fc84d67247a48c211f0f3e,single_line,,accepted,
construction,81b3e7adad3a1d086c5acf8bfc00b2aec185c3273117d4eec2adc78ef4fa38ed,single_line,,bar_line_combination_out_of_scope,
construction,81c2916fe1c4b6878c4df85a7e7408cc233dbab8aa74503a278161542d3846d0,single_line,,accepted,
construction,81ccb686afe8ba04fb61c60b8dba790cd2bf2fa827b41aed69436c7505f7510a,multi_line,,no_coherent_x_anchor_sequence,
construction,831efdf5408cdffad6ee9deae12dbc2ec0beb864a7bbf17040568b8800901f63,multi_line,,rejected,no_reliable_semantic_x_target
construction,831efdf5408cdffad6ee9deae12dbc2ec0beb864a7bbf17040568b8800901f63,multi_line,,rejected,crop_ocr_did_not_confirm_value
construction,831efdf5408cdffad6ee9deae12dbc2ec0beb864a7bbf17040568b8800901f63,multi_line,,accepted,
construction,83508843d8670a6d9c699f62d1b994ef4752c2ff49283d0a60aec6bed4fe82b7,multi_line,,bar_line_combination_out_of_scope,
construction,8496492e3f0e3abe21eaa5c76a8cd2fec8d98ce921f9eaab9ca4dc1d78b419e7,multi_line,,bar_line_combination_out_of_scope,
construction,859985823fb9f665b64de0e78e12e02c17933f96779ef9b89b6d22a4e9048d35,single_line,,bar_line_combination_out_of_scope,
construction,881025067b60be71eaf10afd9ad874b4091d8789fc91feff70658d478a1add00,multi_line,,rejected,crop_ocr_did_not_confirm_value
construction,881025067b60be71eaf10afd9ad874b4091d8789fc91feff70658d478a1add00,multi_line,,accepted,
construction,8834a8fe7073b3c9388baf6db37cbd2716b3eb0118e1173b1c41a5a70d81541f,single_line,,no_coherent_x_anchor_sequence,
construction,89400a0c0ffff68dc030a752953eb7e67a2f9c275829ecb7ed91d741ef0b495e,single_line,,no_coherent_x_anchor_sequence,
construction,89de167244ff5b34975cbca36fa62b9d2ac8ef3c25d911216aa40d9590640ad6,single_line,,bar_line_combination_out_of_scope,
construction,8c757ab5463e2793283bdcd43ca8e711e60cc7b80c7bb5329d3d3f409fa27758,single_line,,bar_line_combination_out_of_scope,
construction,8e6dd4338e559d56ac3418d6586c4d17812c058d6f56e9d7ef056d225125943a,multi_line,,no_coherent_x_anchor_sequence,
construction,8fb8641d45a0bbcd61946561af242399cb03abc2a8964f563872c4fb55d68d5a,multi_line,,accepted,
construction,93544dfd13510ff95fed9b9c64009f36aa529bed85a6f6d4cac9de03497c7d5d,multi_line,,accepted,
construction,9618fed7516b1f7e5d6af9b55f48b0a7f55c25a09ebe86fb128a53ef76eab1dc,single_line,,bar_line_combination_out_of_scope,
construction,96be526cd76c86a13976e64115ce7518354f1ebe285fbd1a3f6c79d3ca7149cc,multi_line,,no_coherent_x_anchor_sequence,
construction,985afbc4862f201fbc7517def4435b41600e8d4e9401d2367cf3983ead2a0947,single_line,,bar_line_combination_out_of_scope,
construction,9a49e552f15612e230a124c109d689233022b39702dc05308e1b1d26a0d050e8,single_line,,bar_line_combination_out_of_scope,
construction,9b1ce1a6fe185a541f371e2d442aef26be3d861333d82de41a5f979bca8b4e6e,single_line,,no_coherent_x_anchor_sequence,
construction,9b3b936922b9dc9d2c7b4eb553bbe54e4c8fb214612e210dc3e913c23fa097a9,multi_line,,bar_line_combination_out_of_scope,
construction,9bd52a3c07884e5318378a70f932c4da5ce44575e79b6d7c3b5ce0e45ae9bda2,multi_line,,bar_line_combination_out_of_scope,
construction,9efe1402c083bf79684f6e713f4071cd47b949e49f35484631191aad18da0102,multi_line,,no_coherent_x_anchor_sequence,
construction,9fc83b1494ab964c024c321b8cf30ad12ed6560024fa5609f44ff44fe77c8aab,multi_line,,bar_line_combination_out_of_scope,
construction,a08d9372415be04e7f4e30622466edc2520ff8d0e32042bebb04545e97c80d63,multi_line,,bar_line_combination_out_of_scope,
construction,a0b47eb2b96478aef9d4153530745d6f9c5d0ca9ae2eea829ca619526e513389,multi_line,,rejected,no_series_pixels_near_gold_y
construction,a0b47eb2b96478aef9d4153530745d6f9c5d0ca9ae2eea829ca619526e513389,multi_line,,no_label_accepted,
construction,a15fb0753ed7bacd0e1b5ba82d6b05c5c72e89ca58c55e7d453e518c33d63bf8,multi_line,,no_coherent_x_anchor_sequence,
construction,a37b96d341b04975de898761bdbd563dfcbae45f1bdb13cac29185501ba1fcbc,multi_line,,no_coherent_x_anchor_sequence,
construction,a3838158c37d6e9b156dfbc61362744a3bcd6a2d29e24a9631346ba59d7d3e9c,multi_line,,bar_line_combination_out_of_scope,
construction,a387be9d12b99ee9861d4ad84c3eb40ecf8614a79dee0e19d44b8c41494cbc05,multi_line,,bar_line_combination_out_of_scope,
construction,a39431a793d54d486167a80c46e81f54ab6c41131265a34e9627e186035d09f6,single_line,,bar_line_combination_out_of_scope,
construction,a3e88c2edaae07f68af6b77d2af874fd77850dac4704bd1a57ac296b49bad68a,single_line,,no_coherent_x_anchor_sequence,
construction,a497cabc61ca52f9fdf8a260ef1acb80697c0fe68d3dda668dbae44a24aaf5d5,single_line,,no_coherent_x_anchor_sequence,
construction,a4f6a726edad0d0cb94eec37e5a05ea7b2c72396315e0fafe4aab301ec493e95,multi_line,,no_coherent_x_anchor_sequence,
construction,a8049e206e876ab4ee4c13e7354108806dfd89161f9a133bd5341e005fdd002c,single_line,,bar_line_combination_out_of_scope,
construction,a90afcc292770c09c009ea681a0097ce6de4a2f222f76bd7454b461c342fcbc1,multi_line,,no_coherent_x_anchor_sequence,
construction,aa555e42497f014ab6a19177d0b6118ddbdfec9210f5e8a8eb9fbdd9cb7eda21,single_line,,no_coherent_x_anchor_sequence,
construction,ace8e5f4b2d818db4454f4100daee1cf7521458feeb21eadb1f85c1323b50a1c,multi_line,,no_coherent_x_anchor_sequence,
construction,acf189f6cb76d1d7903725f170a28430902deee4e4b56359f60bf13bc2a63fe8,multi_line,,rejected,crop_ocr_did_not_confirm_value
construction,acf189f6cb76d1d7903725f170a28430902deee4e4b56359f60bf13bc2a63fe8,multi_line,,rejected,no_reliable_semantic_x_target
construction,acf189f6cb76d1d7903725f170a28430902deee4e4b56359f60bf13bc2a63fe8,multi_line,,rejected,no_reliable_semantic_x_target
construction,acf189f6cb76d1d7903725f170a28430902deee4e4b56359f60bf13bc2a63fe8,multi_line,,rejected,no_reliable_semantic_x_target
construction,acf189f6cb76d1d7903725f170a28430902deee4e4b56359f60bf13bc2a63fe8,multi_line,,no_label_accepted,
construction,ae595edb2938bd11ee955520f821da3144c9d23e56d5b151a309f1cf32c1e8ea,single_line,,bar_line_combination_out_of_scope,
construction,b19f942899302905ac64337deb028c05e6ef433448830f027ea89dc253c66a6b,single_line,,bar_line_combination_out_of_scope,
construction,b1d3835e9621c5210b2552c6501a63623d401d9d38cce0a8ceeb7d811769ad7c,multi_line,,rejected,no_series_pixels_near_gold_y
construction,b1d3835e9621c5210b2552c6501a63623d401d9d38cce0a8ceeb7d811769ad7c,multi_line,,rejected,no_series_pixels_near_gold_y
construction,b1d3835e9621c5210b2552c6501a63623d401d9d38cce0a8ceeb7d811769ad7c,multi_line,,no_label_accepted,
construction,b1ecdc197e17bd202d70738dd7ea349eb6493fd0f6fe134896770feced660fe3,single_line,,bar_line_combination_out_of_scope,
construction,b24ba6f2183cd5fde75fc9eb2011807c025774f511c736f07cd1ee6d430507a7,single_line,,no_coherent_x_anchor_sequence,
construction,b26392d7cde88ad3ea5903f80db71c1a2cc8cf443ed93d5c8edbd9f7320a7324,multi_line,,legend_unrecoverable_at_construction,
construction,b285dd3eb958308d8374f762c8a3e9d39b80fbddf391701161e8d692c0a1bc17,multi_line,,no_coherent_x_anchor_sequence,
construction,b4c89e822ab9f0b47e40b5d08065c013627243fc8d82996702190ca570e22dbc,single_line,,no_coherent_x_anchor_sequence,
construction,b588b17efa6b21454fde2436567563ce5ab36c8bf1a9eb65db3c9a799e91cf18,multi_line,,bar_line_combination_out_of_scope,
construction,b6bf824fe4a6de35817387b3579855bf9eee14c1c41fdc2ddbe16cac84352a37,single_line,,bar_line_combination_out_of_scope,
construction,b73fd85b41643a82a7e5a41ac0c9fc5b24baa7c2475484302ea190bd5525f7b6,multi_line,,no_coherent_x_anchor_sequence,
construction,b8dc979da31a72808058dc616c7cd4504129a10d31af0d2155e5b16455e61827,single_line,,bar_line_combination_out_of_scope,
construction,b979d78f4b3e63ecf50ffaca16c086a6d2ca1b07fccfe2b201917a0b32c2ca47,multi_line,,no_coherent_x_anchor_sequence,
construction,b9d1073479e81613a26443bcd422d241873c9fe5300cf225ccd4c7b0367693f8,single_line,,bar_line_combination_out_of_scope,
construction,ba9c96dfb37c559bf63e2a6628cbaadc3aeaaa91d47e6e3dce8d2df8274e5fb9,single_line,,no_coherent_x_anchor_sequence,
construction,babbdf250c47a2b9c598036e61467c0687cf6f529bcfa33b200a6387ccd8a8df,multi_line,,no_coherent_x_anchor_sequence,
construction,bd1f925c1f5bd68aafebb35c553ad545387b63d2eddd1049a6f4047fee850b02,single_line,,no_coherent_x_anchor_sequence,
construction,bdfde2608d85e837c0146e12574bc33130134ed6e5af6d489ffb3704eb693736,multi_line,,bar_line_combination_out_of_scope,
construction,bf3e181622229cdc7532638b3eff0a7615e32cfbdf21532597946282b05effc4,multi_line,,no_coherent_x_anchor_sequence,
construction,c236cc6d9f2b67d08901b4b4ead577fc7370213002040ecff16b063d765c8124,multi_line,,rejected,target_series_not_in_legend
construction,c236cc6d9f2b67d08901b4b4ead577fc7370213002040ecff16b063d765c8124,multi_line,,rejected,no_series_pixels_near_gold_y
construction,c236cc6d9f2b67d08901b4b4ead577fc7370213002040ecff16b063d765c8124,multi_line,,rejected,target_series_not_in_legend
construction,c236cc6d9f2b67d08901b4b4ead577fc7370213002040ecff16b063d765c8124,multi_line,,no_label_accepted,
construction,c349c55fd9afe5690ffca5b87838c1b55fee74b66d00ab09c659a1f7f761d3f2,multi_line,,bar_line_combination_out_of_scope,
construction,c35436ce9b0883d7cfe51bebbb4f4979672e3142fb6855758c7eb8c12a088e4a,multi_line,,no_coherent_x_anchor_sequence,
construction,c3ab4b0f005f16ab762e0ac9ffc2cdbfa54d651f8ca59264abda2e1ccc1bc688,multi_line,,no_coherent_x_anchor_sequence,
construction,c3ef207888c5f34c1f74983f377cc30a549a4dc8ceb0ec116c780cc8e69f6737,single_line,,bar_line_combination_out_of_scope,
construction,c555fbb915a09946aba75f48ca62a12b3912ad18b6a10e4a4aa13869d88fd197,multi_line,,rejected,label_too_far_from_any_series
construction,c555fbb915a09946aba75f48ca62a12b3912ad18b6a10e4a4aa13869d88fd197,multi_line,,no_label_accepted,
construction,c882a5d044b0f648077a21db2aadbdd5b28bc3551f2981e4a257d3d92920d666,single_line,,rejected,no_reliable_semantic_x_target
construction,c882a5d044b0f648077a21db2aadbdd5b28bc3551f2981e4a257d3d92920d666,single_line,,no_label_accepted,
construction,c8af9ac9371497c1d2c5461c0acb8e44d8fef97b8175e2fbde23a5d213770826,multi_line,,rejected,crop_ocr_did_not_confirm_value
construction,c8af9ac9371497c1d2c5461c0acb8e44d8fef97b8175e2fbde23a5d213770826,multi_line,,no_label_accepted,
construction,cb2601660a29c10375705e0003fd5c447e69f6f17c8db133f40736326c31de39,multi_line,,no_coherent_x_anchor_sequence,
construction,cb8fdb39c90e9b76ac439e771e789dd29d29bf6aae0a5da3923d8d611f40631b,single_line,,no_coherent_x_anchor_sequence,
construction,cc420b4afe8652c026c89979a2d21eb93f118ae3718ce9693eb9d821e96d4b62,multi_line,,rejected,no_reliable_semantic_x_target
construction,cc420b4afe8652c026c89979a2d21eb93f118ae3718ce9693eb9d821e96d4b62,multi_line,,rejected,crop_ocr_did_not_confirm_value
construction,cc420b4afe8652c026c89979a2d21eb93f118ae3718ce9693eb9d821e96d4b62,multi_line,,rejected,crop_ocr_did_not_confirm_value
construction,cc420b4afe8652c026c89979a2d21eb93f118ae3718ce9693eb9d821e96d4b62,multi_line,,no_label_accepted,
construction,cd292e261fcf22bcd300366b04e42834cf48b4b0ce865cb7dcbf258f36d3de91,multi_line,,rejected,no_reliable_semantic_x_target
construction,cd292e261fcf22bcd300366b04e42834cf48b4b0ce865cb7dcbf258f36d3de91,multi_line,,no_label_accepted,
construction,cd7292d138fae2307774700c7f38fe45cbb350c8dac81d46cfd43bc73189368d,single_line,,bar_line_combination_out_of_scope,
construction,ce8bb0ba270a7a51320b183e8628563b88c2cadab27076c9bb68a841b03bd7ad,single_line,,rejected,no_reliable_semantic_x_target
construction,ce8bb0ba270a7a51320b183e8628563b88c2cadab27076c9bb68a841b03bd7ad,single_line,,accepted,
construction,d06513beafeca7f3e1dc8da074a588cc5d0c935e67fdd01ac8c2acef9142d58f,multi_line,,rejected,label_too_far_from_any_series
construction,d06513beafeca7f3e1dc8da074a588cc5d0c935e67fdd01ac8c2acef9142d58f,multi_line,,no_label_accepted,
construction,d209e15e9705362ea556715ef2470abd0bec4001a7dad4d9f25c091944c90327,multi_line,,no_coherent_x_anchor_sequence,
construction,d236160c77a21cf0a6d7f6f21c9f8a2bdd086b570b847e9afe955dc9a0d74788,single_line,,bar_line_combination_out_of_scope,
construction,d3c11d6b6e680129c46672959301bbbfdf2b5bc0df63a589385a317a87ca2f62,single_line,,bar_line_combination_out_of_scope,
construction,d3f602209879f49d2bcd9bf84c539ed3441c2913ec408dbb8abfff77364bd94e,single_line,,bar_line_combination_out_of_scope,
construction,d4417c5f6d4ccecd3af15903754046910e6d830d13cf35e8e805edb6653e57f9,single_line,,bar_line_combination_out_of_scope,
construction,d53a8e37f3f5d86ec01fa810adbd5ea600d3cd6720355b1a57bb4d263c9a2c8f,single_line,,no_coherent_x_anchor_sequence,
construction,d63df85f351099bf1cc3cc024caa29c19a8260b7fad8c47b88cd9998d4781f83,multi_line,,rejected,no_reliable_semantic_x_target
construction,d63df85f351099bf1cc3cc024caa29c19a8260b7fad8c47b88cd9998d4781f83,multi_line,,rejected,no_reliable_semantic_x_target
construction,d63df85f351099bf1cc3cc024caa29c19a8260b7fad8c47b88cd9998d4781f83,multi_line,,accepted,
construction,d823654ed4cfa0b0bf0e8b3b7621a23d7083c0225ba118a122e63dacfab9c81a,multi_line,,bar_line_combination_out_of_scope,
construction,da8227279fa53d8478e6d3278ee08bf02b508e108a5f6e96efffd4b1649dc0fe,single_line,,bar_line_combination_out_of_scope,
construction,dbea4c91902f968219ef9f9905ff530c78f1bd4c18369efc11a42bed00641021,multi_line,,bar_line_combination_out_of_scope,
construction,dc78b427c2fcfac27280cb1ef8bbdda3112ec57af8bb13cef895d8ed799f629e,multi_line,,bar_line_combination_out_of_scope,
construction,dc8efdd4bfe2b17661e96cbea668d711ef367a969b2119456585c257c5ac84a9,multi_line,,no_coherent_x_anchor_sequence,
construction,ddfb0123a96fac79fded7cb479ae5a2e03f045ec53336b8eac0ff9374a7e229f,single_line,,bar_line_combination_out_of_scope,
construction,dee57608490d0ab8cdc5a974268afe9d8346124007569a648c3e44241356dcd5,single_line,,no_coherent_x_anchor_sequence,
construction,df2e50688f6d98e92e8ede2f83d3ea5578ed2d871bb229195b1b6a94e144ca18,multi_line,,no_coherent_x_anchor_sequence,
construction,e08cb072ca7b4ac6fa861444d6d4ddf750ce9b861ac44f39709aa97a151cb922,multi_line,,rejected,label_too_far_from_any_series
construction,e08cb072ca7b4ac6fa861444d6d4ddf750ce9b861ac44f39709aa97a151cb922,multi_line,,no_label_accepted,
construction,e0a154d31ca60678776bbfa4917cdef435980f0ce9940b5371770c5071cbd9ed,multi_line,,no_coherent_x_anchor_sequence,
construction,e1538d0916dbe079db91e906f0e3899266aea3ac28605e8f7dbab5429e52f91b,multi_line,,rejected,no_series_pixels_near_gold_y
construction,e1538d0916dbe079db91e906f0e3899266aea3ac28605e8f7dbab5429e52f91b,multi_line,,no_label_accepted,
construction,e1d4d07220d129296a998be10f4f66087440ec7af571c3960eea3233f1b34dbb,multi_line,,legend_unrecoverable_at_construction,
construction,e5152353049998e8674c6e99841bb9407a83e0d4702b26e8f9545d3515d4e8e9,multi_line,,no_coherent_x_anchor_sequence,
construction,e5de82763227be03e0104ceac6220dc0cf97e4f29bb448a1a5b5835588afce0d,multi_line,,bar_line_combination_out_of_scope,
construction,e8f0083c930c608a81c74de515938c93638a4a7f04c196eaccbd8a782c9c8563,multi_line,,bar_line_combination_out_of_scope,
construction,e918207c9d03f96acbdd50c46bbd737071e4e0ae50436e8fa0eade1efea26682,multi_line,,bar_line_combination_out_of_scope,
construction,ea610810248a810863abf935d1f35da658a5b1b5a669cdb33850204dc05b806d,multi_line,,bar_line_combination_out_of_scope,
construction,eaf32e2934028082114234ee9b1c9c7c5aeb2f930793f2643c9f8b7173c77f24,multi_line,,accepted,
construction,ebf6813a9079ff1288c7e3da265c78cedd9305e335bfcd2b07606fe1207656a3,multi_line,,bar_line_combination_out_of_scope,
construction,ecbedb0f2a31b90cf683c4748d797f1f65fe5963ccd63c54e71b7861545fe3ed,multi_line,,no_coherent_x_anchor_sequence,
construction,ed9bd360d69937ada5c2a1060227a252ff07b99b7b54305c58981d93f2491897,single_line,,rejected,no_reliable_semantic_x_target
construction,ed9bd360d69937ada5c2a1060227a252ff07b99b7b54305c58981d93f2491897,single_line,,accepted,
construction,eec6a5d41b4aded11eb94f00d0a92fd5c62adee1a3511760d64a9573959ec70c,single_line,,bar_line_combination_out_of_scope,
construction,eed22fe6e4f0cc57f853141845971691f8ebb2861c663a183e4793d03ff68e82,multi_line,,no_coherent_x_anchor_sequence,
construction,f1243693ac8a94d73b8ee2a9e25349706ba344ddb4742cd4446cfc8220d20014,single_line,,no_coherent_x_anchor_sequence,
construction,f27fe8d4aa6f244195f63da7fa8e6df816531c861afc84bfd9a0a053664909c4,multi_line,,no_coherent_x_anchor_sequence,
construction,f3706f1864de521b69d2e890c205b5ed16d5b488d1e8993060fe99d38fb700ef,single_line,,bar_line_combination_out_of_scope,
construction,f5a6ef2c6c4a8a6107394e1399bc3b5d50fc105534c44342e94817db07f70115,multi_line,,no_coherent_x_anchor_sequence,
construction,f5b9ac9e589efb057a940d2110c5c5cbe9672dbe8846dae9c9ab25ea06814be4,single_line,,bar_line_combination_out_of_scope,
construction,f67e4ec462a67537ded3224f596a1db3d5f2df8ed0536a7ae0ba43cad1cdf115,multi_line,,accepted,
construction,f6af5ff3c3318699442e9acb758e1b7e8a3dde8738fd2312cf816cf2e2a1103f,multi_line,,bar_line_combination_out_of_scope,
construction,f70cb0262e3c692bf141b13b2d6bc5d0218ed7d5476931a781cc7309c40ecb88,single_line,,bar_line_combination_out_of_scope,
construction,f7eaefd49b7399bb0286478c4eb4516cbad2304133cab129bab34e6a0b3a1a50,single_line,,no_coherent_x_anchor_sequence,
construction,f8f9360b07dd09ac760a8436b113fbb3ea7b6defb5ee693893bd5bf500abf177,multi_line,,no_coherent_x_anchor_sequence,
construction,fe8c0ddab47f79c70408fd35658edcfb5f48cdd9d0f0dd608d4575b4bb91b4ec,single_line,,no_coherent_x_anchor_sequence,
construction,ff666a6706d62160397ee762961dc0b99205c651899b8c02a9588cca82bb82d5,multi_line,,rejected,no_series_pixels_near_gold_y
construction,ff666a6706d62160397ee762961dc0b99205c651899b8c02a9588cca82bb82d5,multi_line,,no_label_accepted,
