sample_id,chart_id,chart_kind,auto_status,status_reason,overlay_path,manual_target_ok,manual_geometry_ok,notes
phase4_line_0002,02fbe52b0addee5150272781d9f1cd9034dff40bb5674f6f804a0c50ef7cda29,multi_line,success,,examples/phase4_debug_overlays/phase4_line_0002_auto_local.png,,,
phase4_line_0003,044ddc0a03bbfdd12c3c4cddf7b2a27bac597d55df9d8a1f7b7c2155b86b7766,multi_line,success,,examples/phase4_debug_overlays/phase4_line_0003_auto_local.png,,,
phase4_line_0005,04d180c537e20cda970f86db695a0c0112ac3ccd016024251d2f6fdc782f2c50,multi_line,success,,examples/phase4_debug_overlays/phase4_line_0005_auto_local.png,,,
phase4_line_0006,04d180c537e20cda970f86db695a0c0112ac3ccd016024251d2f6fdc782f2c50,multi_line,success,,examples/phase4_debug_overlays/phase4_line_0006_auto_local.png,,,
phase4_line_0007,04d180c537e20cda970f86db695a0c0112ac3ccd016024251d2f6fdc782f2c50,multi_line,success,,examples/phase4_debug_overlays/phase4_line_0007_auto_local.png,,,
phase4_line_0008,07291264ea3375d81863c45d5381d2a6b4aa964eafa847155c953f273eada49c,multi_line,success,,examples/phase4_debug_overlays/phase4_line_0008_auto_local.png,,,
phase4_line_0009,07291264ea3375d81863c45d5381d2a6b4aa964eafa847155c953f273eada49c,multi_line,success,,examples/phase4_debug_overlays/phase4_line_0009_auto_local.png,,,
phase4_line_0010,0b29203f223af5db5593570dc213d2ab9231fd234ec685e0e7babafffc197885,multi_line,success,,examples/phase4_debug_overlays/phase4_line_0010_auto_local.png,,,
phase4_line_0011,0b29203f223af5db5593570dc213d2ab9231fd234ec685e0e7babafffc197885,multi_line,success,,examples/phase4_debug_overlays/phase4_line_0011_auto_local.png,,,
phase4_line_0012,0e40dfdc1de3286bcff573dbdeca65940c0f2a5584d3da08f16267ccd289d51c,multi_line,success,,examples/phase4_debug_overlays/phase4_line_0012_auto_local.png,,,
phase4_line_0013,0e40dfdc1de3286bcff573dbdeca65940c0f2a5584d3da08f16267ccd289d51c,multi_line,success,,examples/phase4_debug_overlays/phase4_line_0013_auto_local.png,,,
phase4_line_0014,0e40dfdc1de3286bcff573dbdeca65940c0f2a5584d3da08f16267ccd289d51c,multi_line,success,,examples/phase4_debug_overlays/phase4_line_0014_auto_local.png,,,
phase4_line_0015,0e40dfdc1de3286bcff573dbdeca65940c0f2a5584d3da08f16267ccd289d51c,multi_line,success,,examples/phase4_debug_overlays/phase4_line_0015_auto_local.png,,,
phase4_line_0016,0e40dfdc1de3286bcff573dbdeca65940c0f2a5584d3da08f16267ccd289d51c,multi_line,success,,examples/phase4_debug_overlays/phase4_line_0016_auto_local.png,,,
phase4_line_0017,13d33ca8afe33042fbfd73d92336e97bf5abfa1f254596124f2b3c3330d4b163,multi_line,success,,examples/phase4_debug_overlays/phase4_line_0017_auto_local.png,,,
phase4_line_0018,2299bdb915a90a685d20abce3696ca7a7ecce5c65583c0c45b03286b808815bc,multi_line,success,,examples/phase4_debug_overlays/phase4_line_0018_auto_local.png,,,
phase4_line_0004,04901894fd4c37e24c7dc81559baba28d48552ad4d35b8d55782a2a9c4a9e937,single_line,success,,examples/phase4_debug_overlays/phase4_line_0004_auto_local.png,,,
phase4_line_0029,30c0d5d99fc36fb3c96e9be1c9c47e15c1135e9037ffec297b22652d320f36d3,single_line,success,,examples/phase4_debug_overlays/phase4_line_0029_auto_local.png,,,
phase4_line_0048,814e714d7195f873aa170b607266565df60371a766fc84d67247a48c211f0f3e,single_line,success,,examples/phase4_debug_overlays/phase4_line_0048_auto_local.png,,,
phase4_line_0056,ce8bb0ba270a7a51320b183e8628563b88c2cadab27076c9bb68a841b03bd7ad,single_line,success,,examples/phase4_debug_overlays/phase4_line_0056_auto_local.png,,,
phase4_line_0001,02fbe52b0addee5150272781d9f1cd9034dff40bb5674f6f804a0c50ef7cda29,multi_line,ambiguous_series,legend_color_mismatch,examples/phase4_debug_overlays/phase4_line_0001_auto_local.png,,,
phase4_line_0020,2d5c7091b9d4b68f0a8d756bc6ae376deb6783a8dce2980aa935997309f689d2,multi_line,ambiguous_series,legend_color_mismatch,examples/phase4_debug_overlays/phase4_line_0020_auto_local.png,,,
phase4_line_0023,2f84858d40ae59e95053cfdcf2a53a07182c1033873786b6e51911f93ab8e8de,multi_line,ambiguous_series,local_overlap_with_other_series,examples/phase4_debug_overlays/phase4_line_0023_auto_local.png,,,
phase4_line_0030,41bfb4e074dcc1b142ca6508a876e4a6b111873f59d94a2af726f7f9cd0eec7d,multi_line,ambiguous_series,question_has_no_series_but_chart_has_multiple_lines,examples/phase4_debug_overlays/phase4_line_0030_auto_local.png,,,
phase4_line_0033,430fc856acd67489214e939cda8bc73ef4017815e24f13d46ec22009ba852efd,multi_line,ambiguous_series,question_has_no_series_but_chart_has_multiple_lines,examples/phase4_debug_overlays/phase4_line_0033_auto_local.png,,,
phase4_line_0034,4f0ec49d1ae75953e5429ee20390b59b5c10823b2d36dd887a03151848dd6ac3,multi_line,ambiguous_series,question_has_no_series_but_chart_has_multiple_lines,examples/phase4_debug_overlays/phase4_line_0034_auto_local.png,,,
phase4_line_0035,4f0ec49d1ae75953e5429ee20390b59b5c10823b2d36dd887a03151848dd6ac3,multi_line,ambiguous_series,question_has_no_series_but_chart_has_multiple_lines,examples/phase4_debug_overlays/phase4_line_0035_auto_local.png,,,
phase4_line_0036,4f0ec49d1ae75953e5429ee20390b59b5c10823b2d36dd887a03151848dd6ac3,multi_line,ambiguous_series,question_has_no_series_but_chart_has_multiple_lines,examples/phase4_debug_overlays/phase4_line_0036_auto_local.png,,,
phase4_line_0021,2f64995a24fe867563e33e8a669cf7c0665747a51ba6e3a60c63ed8f92b6d8f9,single_line,line_localization_failed,no_recoverable_point_at_target_x,examples/phase4_debug_overlays/phase4_line_0021_auto_local.png,,,
phase4_line_0022,2f64995a24fe867563e33e8a669cf7c0665747a51ba6e3a60c63ed8f92b6d8f9,single_line,line_localization_failed,target_series_missing_near_target_x,examples/phase4_debug_overlays/phase4_line_0022_auto_local.png,,,
