sample_id,chart_id,phase3_split,question,target_semantic_label,construction_semantic_mode,detected_x_axis_label,x_grounding_mode,predicted_target_x,construction_target_x,old_value_label_center_x,x_grounding_error_pixels,local_search_window,selected_series_id,selected_series_color_bgr,series_candidate_count,comparable_distinct_series_count,series_color_distance_to_construction,fitted_local_line,final_auto_local_point,y_axis_ticks,y_axis_slope,y_axis_intercept,axis_span,oracle_x_value,auto_x_column_value,auto_x_local_value,global_constant_bias_value,line_type_constant_bias_value,global_median_constant_bias_value,line_type_median_constant_bias_value,learned_calibrated_value,pseudo_gold,auto_status,failure_attribution,calibration_eval_eligible_unseen_to_phase1_train,parser_used_hidden_bbox_or_gold,x_axis_anchors,masked_image_path,source_image_path,oracle_x_prediction,oracle_x_absolute_error,oracle_x_axis_normalized_error,oracle_x_signed_error,auto_x_column_prediction,auto_x_column_absolute_error,auto_x_column_axis_normalized_error,auto_x_column_signed_error,auto_x_local_prediction,auto_x_local_absolute_error,auto_x_local_axis_normalized_error,auto_x_local_signed_error
phase3_line_0001,07291264ea3375d81863c45d5381d2a6b4aa964eafa847155c953f273eada49c,train,What is the value for 2016?,2016,direct_anchor,2016,direct_anchor,145.5,145.5,238.0,0.0,"[105.9,185.1]",18,"[52.0,57.0,175.5]",19,5,0.0,"[{""inlier_count"":19,""median_residual"":0.22553332675943238,""side"":""all"",""slope"":0.530742429651652,""target_y"":134.53788922238405,""x_max"":186.0,""x_min"":168.0}]","[145.5,134.53788922238405]","[{""bbox"":[30.0,32.0,107.0,70.0],""confidence"":0.9351975372486905,""pixel_y"":51.0,""text"":""85%"",""value"":85.0},{""bbox"":[30.0,107.0,107.0,145.0],""confidence"":0.9883816996583801,""pixel_y"":126.0,""text"":""80%"",""value"":80.0},{""bbox"":[32.0,182.0,107.0,220.0],""confidence"":0.920997608732575,""pixel_y"":201.0,""text"":""75%"",""value"":75.0},{""bbox"":[32.0,259.0,107.0,297.0],""confidence"":0.9863567942544769,""pixel_y"":278.0,""text"":""70%"",""value"":70.0},{""bbox"":[30.0,409.0,107.0,447.0],""confidence"":0.9951496552950185,""pixel_y"":428.0,""text"":""60%"",""value"":60.0},{""bbox"":[30.0,560.0,107.0,598.0],""confidence"":0.9148825379787642,""pixel_y"":579.0,""text"":""50%"",""value"":50.0}]",-0.06625052820552983,88.36243806763267,40.37472815165501,76.00045255202377,,79.44923184299266,80.11179978450009,80.42775095978119,79.56208052033824,79.81608687641632,79.63454804755958,79.0,ok,within_expected_error,0,0,"[{""bbox"":[99.37004658340298,585.3250123684111,191.62995341659703,681.6749876315889],""canonical"":""2016"",""center_x"":145.5,""center_y"":633.5,""confidence"":0.9999964237213135,""label"":""2016"",""normalized"":""2016"",""scalar"":2016.0,""scalar_family"":""year"",""source"":""full_image_ocr""},{""bbox"":[181.98198161801108,584.3014577470226,274.01801838198895,683.6985422529774],""canonical"":""2017"",""center_x"":228.0,""center_y"":634.0,""confidence"":0.9999693632125854,""label"":""2017"",""normalized"":""2017"",""scalar"":2017.0,""scalar_family"":""year"",""source"":""full_image_ocr""},{""bbox"":[220.0,713.0,345.0,754.0],""canonical"":null,""center_x"":282.5,""center_y"":733.5,""confidence"":0.9996996658760926,""label"":""GPM %"",""normalized"":""gpm"",""scalar"":null,""scalar_family"":null,""source"":""full_image_ocr""},{""bbox"":[266.04405590008355,582.3742703026015,360.95594409991645,682.6257296973985],""canonical"":""2018"",""center_x"":313.5,""center_y"":632.5,""confidence"":0.9999984502792358,""label"":""2018"",""normalized"":""2018"",""scalar"":2018.0,""scalar_family"":""year"",""source"":""full_image_ocr""},{""bbox"":[351.10263340389895,582.2952103881956,443.89736659610105,682.7047896118044],""canonical"":""2019"",""center_x"":397.5,""center_y"":632.5,""confidence"":0.9999985694885254,""label"":""2019"",""normalized"":""2019"",""scalar"":2019.0,""scalar_family"":""year"",""source"":""full_image_ocr""},{""bbox"":[434.3183180150092,585.336009327972,527.6816819849907,682.663990672028],""canonical"":""2020"",""center_x"":481.0,""center_y"":634.0,""confidence"":0.9999811053276062,""label"":""2020"",""normalized"":""2020"",""scalar"":2020.0,""scalar_family"":""year"",""source"":""full_image_ocr""},{""bbox"":[517.8461255241468,585.36883701987,611.1538744758532,683.63116298013],""canonical"":""2021"",""center_x"":564.5,""center_y"":634.5,""confidence"":0.9997237326335268,""label"":""2021"",""normalized"":""2021"",""scalar"":2021.0,""scalar_family"":""year"",""source"":""full_image_ocr""},{""bbox"":[601.9161138650585,583.4162539467774,698.0838861349415,683.5837460532226],""canonical"":""2022"",""center_x"":650.0,""center_y"":633.5,""confidence"":0.9984037411345802,""label"":""2022"",""normalized"":""2022"",""scalar"":2022.0,""scalar_family"":""year"",""source"":""full_image_ocr""},{""bbox"":[672.5097478983938,585.5284709689494,778.4902521016062,696.4715290310506],""canonical"":""2023F"",""center_x"":725.5,""center_y"":641.0,""confidence"":0.9993589520745162,""label"":""2023F"",""normalized"":""2023f"",""scalar"":2023.0,""scalar_family"":""year"",""source"":""full_image_ocr""},{""bbox"":[753.5097478983938,581.4851298198917,863.4902521016062,697.5148701801083],""canonical"":""2024F"",""center_x"":808.5,""center_y"":639.5,""confidence"":0.709924740624447,""label"":""2024F"",""normalized"":""2024f"",""scalar"":2024.0,""scalar_family"":""year"",""source"":""full_image_ocr""},{""bbox"":[836.4730402043222,582.5522436929973,947.5269597956778,697.4477563070027],""canonical"":""2025F"",""center_x"":892.0,""center_y"":640.0,""confidence"":0.9991365679078974,""label"":""2025F"",""normalized"":""2025f"",""scalar"":2025.0,""scalar_family"":""year"",""source"":""full_image_ocr""}]",phase3_masked_images/phase3_line_0001.png,/data/liu_jun/finmme_reproduction/outputs/cache/phase2c_official_jpeg/801.jpg,76.00045255202377,2.9995474479762265,0.07429269707301475,-2.9995474479762265,,,,,79.44923184299266,0.44923184299265984,0.011126560191446025,0.44923184299265984
phase3_line_0002,07291264ea3375d81863c45d5381d2a6b4aa964eafa847155c953f273eada49c,train,What is the value for 2020?,2020,direct_anchor,2020,direct_anchor,481.0,481.0,574.0,0.0,"[440.92,521.08]",18,"[52.0,57.0,175.5]",19,5,0.0,"[{""inlier_count"":72,""median_residual"":0.2968198296767923,""side"":""all"",""slope"":0.40515941214597057,""target_y"":268.5908901768047,""x_max"":522.0,""x_min"":440.0},{""inlier_count"":42,""median_residual"":0.22579127530109133,""side"":""left"",""slope"":0.39806330202408613,""target_y"":268.4931948755765,""x_max"":481.0,""x_min"":440.0},{""inlier_count"":41,""median_residual"":0.7784217659366277,""side"":""right"",""slope"":0.5047369609894408,""target_y"":267.31233559290916,""x_max"":522.0,""x_min"":481.0}]","[481.0,267.9027652342428]","[{""bbox"":[30.0,32.0,107.0,70.0],""confidence"":0.9351975372486905,""pixel_y"":51.0,""text"":""85%"",""value"":85.0},{""bbox"":[30.0,107.0,107.0,145.0],""confidence"":0.9883816996583801,""pixel_y"":126.0,""text"":""80%"",""value"":80.0},{""bbox"":[32.0,182.0,107.0,220.0],""confidence"":0.920997608732575,""pixel_y"":201.0,""text"":""75%"",""value"":75.0},{""bbox"":[32.0,259.0,107.0,297.0],""confidence"":0.9863567942544769,""pixel_y"":278.0,""text"":""70%"",""value"":70.0},{""bbox"":[30.0,409.0,107.0,447.0],""confidence"":0.9951496552950185,""pixel_y"":428.0,""text"":""60%"",""value"":60.0},{""bbox"":[30.0,560.0,107.0,598.0],""confidence"":0.9148825379787642,""pixel_y"":579.0,""text"":""50%"",""value"":50.0}]",-0.06625052820552983,88.36243806763267,40.37472815165501,66.2406517539491,70.57417124444791,70.61373836314203,71.27630630464947,71.59225747993057,70.72658704048762,70.9805933965657,70.80432796877474,70.0,ok,line_fitting,0,0,"[{""bbox"":[99.37004658340298,585.3250123684111,191.62995341659703,681.6749876315889],""canonical"":""2016"",""center_x"":145.5,""center_y"":633.5,""confidence"":0.9999964237213135,""label"":""2016"",""normalized"":""2016"",""scalar"":2016.0,""scalar_family"":""year"",""source"":""full_image_ocr""},{""bbox"":[181.98198161801108,584.3014577470226,274.01801838198895,683.6985422529774],""canonical"":""2017"",""center_x"":228.0,""center_y"":634.0,""confidence"":0.9999693632125854,""label"":""2017"",""normalized"":""2017"",""scalar"":2017.0,""scalar_family"":""year"",""source"":""full_image_ocr""},{""bbox"":[220.0,713.0,345.0,754.0],""canonical"":null,""center_x"":282.5,""center_y"":733.5,""confidence"":0.9996996658760926,""label"":""GPM %"",""normalized"":""gpm"",""scalar"":null,""scalar_family"":null,""source"":""full_image_ocr""},{""bbox"":[266.04405590008355,582.3742703026015,360.95594409991645,682.6257296973985],""canonical"":""2018"",""center_x"":313.5,""center_y"":632.5,""confidence"":0.9999984502792358,""label"":""2018"",""normalized"":""2018"",""scalar"":2018.0,""scalar_family"":""year"",""source"":""full_image_ocr""},{""bbox"":[351.10263340389895,582.2952103881956,443.89736659610105,682.7047896118044],""canonical"":""2019"",""center_x"":397.5,""center_y"":632.5,""confidence"":0.9999985694885254,""label"":""2019"",""normalized"":""2019"",""scalar"":2019.0,""scalar_family"":""year"",""source"":""full_image_ocr""},{""bbox"":[434.3183180150092,585.336009327972,527.6816819849907,682.663990672028],""canonical"":""2020"",""center_x"":481.0,""center_y"":634.0,""confidence"":0.9999811053276062,""label"":""2020"",""normalized"":""2020"",""scalar"":2020.0,""scalar_family"":""year"",""source"":""full_image_ocr""},{""bbox"":[517.8461255241468,585.36883701987,611.1538744758532,683.63116298013],""canonical"":""2021"",""center_x"":564.5,""center_y"":634.5,""confidence"":0.9997237326335268,""label"":""2021"",""normalized"":""2021"",""scalar"":2021.0,""scalar_family"":""year"",""source"":""full_image_ocr""},{""bbox"":[601.9161138650585,583.4162539467774,698.0838861349415,683.5837460532226],""canonical"":""2022"",""center_x"":650.0,""center_y"":633.5,""confidence"":0.9984037411345802,""label"":""2022"",""normalized"":""2022"",""scalar"":2022.0,""scalar_family"":""year"",""source"":""full_image_ocr""},{""bbox"":[672.5097478983938,585.5284709689494,778.4902521016062,696.4715290310506],""canonical"":""2023F"",""center_x"":725.5,""center_y"":641.0,""confidence"":0.9993589520745162,""label"":""2023F"",""normalized"":""2023f"",""scalar"":2023.0,""scalar_family"":""year"",""source"":""full_image_ocr""},{""bbox"":[753.5097478983938,581.4851298198917,863.4902521016062,697.5148701801083],""canonical"":""2024F"",""center_x"":808.5,""center_y"":639.5,""confidence"":0.709924740624447,""label"":""2024F"",""normalized"":""2024f"",""scalar"":2024.0,""scalar_family"":""year"",""source"":""full_image_ocr""},{""bbox"":[836.4730402043222,582.5522436929973,947.5269597956778,697.4477563070027],""canonical"":""2025F"",""center_x"":892.0,""center_y"":640.0,""confidence"":0.9991365679078974,""label"":""2025F"",""normalized"":""2025f"",""scalar"":2025.0,""scalar_family"":""year"",""source"":""full_image_ocr""}]",phase3_masked_images/phase3_line_0002.png,/data/liu_jun/finmme_reproduction/outputs/cache/phase2c_official_jpeg/801.jpg,66.2406517539491,3.759348246050905,0.09311141939903822,-3.759348246050905,70.57417124444791,0.5741712444479106,0.014221055366396926,0.5741712444479106,70.61373836314203,0.6137383631420334,0.01520105252069358,0.6137383631420334
phase3_line_0003,0984f9f91153f4c634fe36acbd2e613ca604ad4dbdd5f14e90deb6fb1ca58447,train,What is the value for Jan-24?,Jan-24,direct_anchor,Jan-24-,direct_anchor,967.0,967.0,952.5,0.0,"[926.68,1007.32]",14,"[58.0,52.0,183.0]",19,10,0.0,"[{""inlier_count"":36,""median_residual"":1.4452420957911443,""side"":""all"",""slope"":-0.6788350898241886,""target_y"":414.95318132585186,""x_max"":971.0,""x_min"":926.0},{""inlier_count"":36,""median_residual"":1.6887955968644235,""side"":""left"",""slope"":-0.6768697770651462,""target_y"":414.77380886183266,""x_max"":967.0,""x_min"":926.0},{""inlier_count"":5,""median_residual"":0.19853620864205368,""side"":""right"",""slope"":-0.6497845904162646,""target_y"":414.80146379135795,""x_max"":971.0,""x_min"":967.0}]","[967.0,414.7876363265953]","[{""bbox"":[30.0,109.0,107.0,145.0],""confidence"":0.9760204196625382,""pixel_y"":127.0,""text"":""30%"",""value"":30.0},{""bbox"":[30.0,211.0,107.0,249.0],""confidence"":0.9514399067425436,""pixel_y"":230.0,""text"":""25%"",""value"":25.0},{""bbox"":[30.0,315.0,107.0,353.0],""confidence"":0.9832184022340836,""pixel_y"":334.0,""text"":""20%"",""value"":20.0},{""bbox"":[32.0,417.0,107.0,457.0],""confidence"":0.9166778323584548,""pixel_y"":437.0,""text"":""15%"",""value"":15.0},{""bbox"":[32.0,521.0,107.0,559.0],""confidence"":0.9930031825777187,""pixel_y"":540.0,""text"":""10%"",""value"":10.0},{""bbox"":[48.0,625.0,107.0,663.0],""confidence"":0.7468226427467167,""pixel_y"":644.0,""text"":""5%"",""value"":5.0}]",-0.04836915639627949,36.13824826469972,30.487079276574967,15.788494003900933,16.06504836024373,16.07532021197553,16.737888153482963,17.053839328764056,16.188168889321116,16.442175245399188,16.21832151171105,16.0,ok,within_expected_error,0,0,"[{""bbox"":[105.0,757.0,153.0,868.0],""canonical"":""Jan-14"",""center_x"":129.0,""center_y"":812.5,""confidence"":0.9019109274558454,""label"":""Jan-14-"",""normalized"":""jan14"",""scalar"":2014.0,""scalar_family"":""month"",""source"":""rotated_x_band_ocr""},{""bbox"":[191.0,758.0,235.0,867.0],""canonical"":""Jan-15"",""center_x"":213.0,""center_y"":812.5,""confidence"":0.9999837938632605,""label"":""Jan-15"",""normalized"":""jan15"",""scalar"":2015.0,""scalar_family"":""month"",""source"":""rotated_x_band_ocr""},{""bbox"":[273.0,757.0,321.0,868.0],""canonical"":""Jan-16"",""center_x"":297.0,""center_y"":812.5,""confidence"":0.9237282669094512,""label"":""Jan-16-"",""normalized"":""jan16"",""scalar"":2016.0,""scalar_family"":""month"",""source"":""rotated_x_band_ocr""},{""bbox"":[359.0,758.0,403.0,865.0],""canonical"":""Jan-17"",""center_x"":381.0,""center_y"":811.5,""confidence"":0.7772922381882105,""label"":""Jan-17-"",""normalized"":""jan17"",""scalar"":2017.0,""scalar_family"":""month"",""source"":""rotated_x_band_ocr""},{""bbox"":[441.0,757.0,489.0,868.0],""canonical"":""Jan-18"",""center_x"":465.0,""center_y"":812.5,""confidence"":0.6973755090207817,""label"":""Jan-18-"",""normalized"":""jan18"",""scalar"":2018.0,""scalar_family"":""month"",""source"":""rotated_x_band_ocr""},{""bbox"":[524.0,757.0,572.0,866.0],""canonical"":""Jan-19"",""center_x"":548.0,""center_y"":811.5,""confidence"":0.7073110570550126,""label"":""Jan-19-"",""normalized"":""jan19"",""scalar"":2019.0,""scalar_family"":""month"",""source"":""rotated_x_band_ocr""},{""bbox"":[610.0,760.0,654.0,865.0],""canonical"":""Jan-20"",""center_x"":632.0,""center_y"":812.5,""confidence"":0.8154672443615745,""label"":""Jan-20"",""normalized"":""jan20"",""scalar"":2020.0,""scalar_family"":""month"",""source"":""rotated_x_band_ocr""},{""bbox"":[692.0,762.0,740.0,866.0],""canonical"":""Jan-21"",""center_x"":716.0,""center_y"":814.0,""confidence"":0.9999794138161714,""label"":""Jan-21"",""normalized"":""jan21"",""scalar"":2021.0,""scalar_family"":""month"",""source"":""rotated_x_band_ocr""},{""bbox"":[778.0,760.0,822.0,865.0],""canonical"":""Jan-22"",""center_x"":800.0,""center_y"":812.5,""confidence"":0.9396725763427335,""label"":""Jan-22"",""normalized"":""jan22"",""scalar"":2022.0,""scalar_family"":""month"",""source"":""rotated_x_band_ocr""},{""bbox"":[861.0,758.0,905.0,865.0],""canonical"":""Jan-23"",""center_x"":883.0,""center_y"":811.5,""confidence"":0.9523683271971065,""label"":""Jan-23"",""normalized"":""jan23"",""scalar"":2023.0,""scalar_family"":""month"",""source"":""rotated_x_band_ocr""},{""bbox"":[943.0,757.0,991.0,866.0],""canonical"":""Jan-24"",""center_x"":967.0,""center_y"":811.5,""confidence"":0.8844226713400931,""label"":""Jan-24-"",""normalized"":""jan24"",""scalar"":2024.0,""scalar_family"":""month"",""source"":""rotated_x_band_ocr""}]",phase3_masked_images/phase3_line_0003.png,/data/liu_jun/finmme_reproduction/outputs/cache/phase2c_official_jpeg/1339.jpg,15.788494003900933,0.21150599609906706,0.006937561784135212,-0.21150599609906706,16.06504836024373,0.06504836024372906,0.002133636995975196,0.06504836024372906,16.07532021197553,0.07532021197553007,0.002470561751495922,0.07532021197553007
phase3_line_0004,61e21ce6de0d5fd0f81a3ca77dccc7f099f90340094a3b293267e82705005f9b,train,What is the value for 3QFY22?,3QFY22,direct_anchor,BQ FY22,direct_anchor,163.5,163.5,166.5,0.0,"[107.18,219.82]",2,"[39.0,39.0,159.0]",21,2,0.0,"[{""inlier_count"":57,""median_residual"":0.14811656845549237,""side"":""all"",""slope"":-0.8362920890692835,""target_y"":224.83216334653412,""x_max"":220.0,""x_min"":162.0}]","[163.5,224.83216334653412]","[{""bbox"":[34.0,90.0,98.0,122.0],""confidence"":0.9620557245368385,""pixel_y"":106.0,""text"":""25%"",""value"":25.0},{""bbox"":[34.0,326.0,99.0,357.0],""confidence"":0.6678161025047302,""pixel_y"":341.5,""text"":""10%"",""value"":10.0},{""bbox"":[26.0,641.0,99.0,672.0],""confidence"":0.9965397119522095,""pixel_y"":656.5,""text"":""-10%"",""value"":-10.0}]",-0.0635738324862284,31.728503688265377,41.60907336223649,17.561054286801006,17.487965211350215,17.435061398156478,18.09762933966391,18.413580514945004,17.547910075502063,17.801916431580135,17.6278605917496,17.5,ok,within_expected_error,0,0,"[{""bbox"":[105.0,511.0,222.0,544.0],""canonical"":""3QFY22"",""center_x"":163.5,""center_y"":527.5,""confidence"":0.9763041058980056,""label"":""BQ FY22"",""normalized"":""bqfy22"",""scalar"":2022.5,""scalar_family"":""quarter"",""source"":""full_image_ocr""},{""bbox"":[302.0,511.0,410.0,544.0],""canonical"":""1QFY23"",""center_x"":356.0,""center_y"":527.5,""confidence"":0.9977345586228846,""label"":""1QFY23"",""normalized"":""1qfy23"",""scalar"":2023.0,""scalar_family"":""quarter"",""source"":""full_image_ocr""},{""bbox"":[492.0,511.0,602.0,544.0],""canonical"":""3QFY23"",""center_x"":547.0,""center_y"":527.5,""confidence"":0.9989877574658453,""label"":""3QFY23"",""normalized"":""3qfy23"",""scalar"":2023.5,""scalar_family"":""quarter"",""source"":""full_image_ocr""},{""bbox"":[680.0,510.0,798.0,547.0],""canonical"":""1QFY24"",""center_x"":739.0,""center_y"":528.5,""confidence"":0.5789509877697873,""label"":""1Q FX?4"",""normalized"":""1qfx4"",""scalar"":2024.0,""scalar_family"":""quarter"",""source"":""full_image_ocr""},{""bbox"":[870.0,511.0,989.0,544.0],""canonical"":""3QFY24"",""center_x"":929.5,""center_y"":527.5,""confidence"":0.7333162183536723,""label"":""30 FY24"",""normalized"":""30fy24"",""scalar"":2024.5,""scalar_family"":""quarter"",""source"":""full_image_ocr""}]",phase3_masked_images/phase3_line_0004.png,/data/liu_jun/finmme_reproduction/outputs/cache/phase2c_official_jpeg/5038.jpg,17.561054286801006,0.06105428680100644,0.0014673310859265138,0.06105428680100644,17.487965211350215,0.012034788649785355,0.00028923471919247004,-0.012034788649785355,17.435061398156478,0.06493860184352229,0.0015606836825753296,-0.06493860184352229
phase3_line_0005,61e21ce6de0d5fd0f81a3ca77dccc7f099f90340094a3b293267e82705005f9b,train,What is the value for 3QFY23?,3QFY23,direct_anchor,3QFY23,direct_anchor,547.0,547.0,570.0,0.0,"[490.68,603.32]",2,"[39.0,39.0,159.0]",21,2,0.0,"[{""inlier_count"":115,""median_residual"":2.4913390002216715,""side"":""all"",""slope"":0.8596989224123389,""target_y"":305.5416073360478,""x_max"":604.0,""x_min"":490.0},{""inlier_count"":57,""median_residual"":0.16359458583036712,""side"":""left"",""slope"":0.6739695252912572,""target_y"":300.1959482935385,""x_max"":547.0,""x_min"":490.0},{""inlier_count"":57,""median_residual"":0.16371711414504375,""side"":""right"",""slope"":1.039562692453525,""target_y"":300.40245768979463,""x_max"":604.0,""x_min"":547.0}]","[547.0,300.29920299166656]","[{""bbox"":[34.0,90.0,98.0,122.0],""confidence"":0.9620557245368385,""pixel_y"":106.0,""text"":""25%"",""value"":25.0},{""bbox"":[34.0,326.0,98.0,357.0],""confidence"":0.9605857729911804,""pixel_y"":341.5,""text"":""10%"",""value"":10.0},{""bbox"":[26.0,641.0,99.0,672.0],""confidence"":0.9965397119522095,""pixel_y"":656.5,""text"":""-10%"",""value"":-10.0}]",-0.0635738324862284,31.728503688265377,41.60907336223649,11.068066539748628,12.5292062774244,12.637332461525268,13.299900403032701,13.615851578313796,12.750181138870854,13.004187494948926,12.835199233514842,12.7,ok,within_expected_error,0,0,"[{""bbox"":[105.0,511.0,222.0,544.0],""canonical"":""3QFY22"",""center_x"":163.5,""center_y"":527.5,""confidence"":0.9763041058980056,""label"":""BQ FY22"",""normalized"":""bqfy22"",""scalar"":2022.5,""scalar_family"":""quarter"",""source"":""full_image_ocr""},{""bbox"":[302.0,511.0,410.0,544.0],""canonical"":""1QFY23"",""center_x"":356.0,""center_y"":527.5,""confidence"":0.9977345586228846,""label"":""1QFY23"",""normalized"":""1qfy23"",""scalar"":2023.0,""scalar_family"":""quarter"",""source"":""full_image_ocr""},{""bbox"":[492.0,511.0,602.0,544.0],""canonical"":""3QFY23"",""center_x"":547.0,""center_y"":527.5,""confidence"":0.9989877574658453,""label"":""3QFY23"",""normalized"":""3qfy23"",""scalar"":2023.5,""scalar_family"":""quarter"",""source"":""full_image_ocr""},{""bbox"":[680.0,510.0,798.0,547.0],""canonical"":""1QFY24"",""center_x"":739.0,""center_y"":528.5,""confidence"":0.5789509877697873,""label"":""1Q FX?4"",""normalized"":""1qfx4"",""scalar"":2024.0,""scalar_family"":""quarter"",""source"":""full_image_ocr""},{""bbox"":[870.0,511.0,989.0,544.0],""canonical"":""3QFY24"",""center_x"":929.5,""center_y"":527.5,""confidence"":0.7333162183536723,""label"":""30 FY24"",""normalized"":""30fy24"",""scalar"":2024.5,""scalar_family"":""quarter"",""source"":""full_image_ocr""}]",phase3_masked_images/phase3_line_0005.png,/data/liu_jun/finmme_reproduction/outputs/cache/phase2c_official_jpeg/5038.jpg,11.068066539748628,1.6319334602513713,0.03922061532214941,-1.6319334602513713,12.5292062774244,0.1707937225755991,0.004104723051357541,-0.1707937225755991,12.637332461525268,0.06266753847473083,0.0015061027177694028,-0.06266753847473083
phase3_line_0006,61e21ce6de0d5fd0f81a3ca77dccc7f099f90340094a3b293267e82705005f9b,train,What is the value for 2QFY23?,2QFY23,interpolated_semantic_target,,piecewise_linear_interpolation,451.5,450.5,457.0,1.0,"[405.66,497.34]",2,"[39.0,39.0,159.0]",21,2,0.0,"[{""inlier_count"":92,""median_residual"":0.2993989053375685,""side"":""all"",""slope"":0.6984429864223702,""target_y"":235.28772130350535,""x_max"":498.0,""x_min"":405.0},{""inlier_count"":46,""median_residual"":0.14783932742244588,""side"":""left"",""slope"":0.725040523368395,""target_y"":235.94134239236595,""x_max"":451.0,""x_min"":405.0},{""inlier_count"":47,""median_residual"":0.14497247045380846,""side"":""right"",""slope"":0.6703949422294461,""target_y"":235.98279248347288,""x_max"":498.0,""x_min"":452.0}]","[451.5,235.96206743791942]","[{""bbox"":[34.0,90.0,98.0,122.0],""confidence"":0.9620557245368385,""pixel_y"":106.0,""text"":""25%"",""value"":25.0},{""bbox"":[34.0,326.0,98.0,357.0],""confidence"":0.9605857729911804,""pixel_y"":341.5,""text"":""10%"",""value"":10.0},{""bbox"":[26.0,641.0,99.0,672.0],""confidence"":0.9965397119522095,""pixel_y"":656.5,""text"":""-10%"",""value"":-10.0}]",-0.0635738324862284,31.728503688265377,41.60907336223649,16.483353449302776,16.661505389029244,16.727490739862958,17.39005868137039,17.706009856651484,16.840339417208543,17.094345773286616,16.92453745518582,16.8,ok,within_expected_error,0,0,"[{""bbox"":[105.0,511.0,222.0,544.0],""canonical"":""3QFY22"",""center_x"":163.5,""center_y"":527.5,""confidence"":0.9763041058980056,""label"":""BQ FY22"",""normalized"":""bqfy22"",""scalar"":2022.5,""scalar_family"":""quarter"",""source"":""full_image_ocr""},{""bbox"":[302.0,511.0,410.0,544.0],""canonical"":""1QFY23"",""center_x"":356.0,""center_y"":527.5,""confidence"":0.9977345586228846,""label"":""1QFY23"",""normalized"":""1qfy23"",""scalar"":2023.0,""scalar_family"":""quarter"",""source"":""full_image_ocr""},{""bbox"":[492.0,511.0,602.0,544.0],""canonical"":""3QFY23"",""center_x"":547.0,""center_y"":527.5,""confidence"":0.9989877574658453,""label"":""3QFY23"",""normalized"":""3qfy23"",""scalar"":2023.5,""scalar_family"":""quarter"",""source"":""full_image_ocr""},{""bbox"":[680.0,510.0,798.0,547.0],""canonical"":""1QFY24"",""center_x"":739.0,""center_y"":528.5,""confidence"":0.5789509877697873,""label"":""1Q FX?4"",""normalized"":""1qfx4"",""scalar"":2024.0,""scalar_family"":""quarter"",""source"":""full_image_ocr""},{""bbox"":[870.0,511.0,989.0,544.0],""canonical"":""3QFY24"",""center_x"":929.5,""center_y"":527.5,""confidence"":0.7333162183536723,""label"":""30 FY24"",""normalized"":""30fy24"",""scalar"":2024.5,""scalar_family"":""quarter"",""source"":""full_image_ocr""}]",phase3_masked_images/phase3_line_0006.png,/data/liu_jun/finmme_reproduction/outputs/cache/phase2c_official_jpeg/5038.jpg,16.483353449302776,0.31664655069722514,0.007610036107764102,-0.31664655069722514,16.661505389029244,0.13849461097075633,0.0033284714073073085,-0.13849461097075633,16.727490739862958,0.07250926013704273,0.0017426309763209145,-0.07250926013704273
phase3_line_0007,61e21ce6de0d5fd0f81a3ca77dccc7f099f90340094a3b293267e82705005f9b,train,What is the value for 4QFY22?,4QFY22,interpolated_semantic_target,,piecewise_linear_interpolation,259.75,261.5,194.5,1.75,"[213.55,305.95]",2,"[39.0,39.0,159.0]",21,2,0.0,"[{""inlier_count"":94,""median_residual"":6.38156149726035,""side"":""all"",""slope"":-0.30435923317742164,""target_y"":156.95778248709505,""x_max"":306.0,""x_min"":213.0},{""inlier_count"":47,""median_residual"":0.19663605832508324,""side"":""left"",""slope"":-0.8315594132048462,""target_y"":144.46838703625184,""x_max"":259.0,""x_min"":213.0},{""inlier_count"":47,""median_residual"":0.1549692289449922,""side"":""right"",""slope"":0.2245086335128905,""target_y"":144.7106348662574,""x_max"":306.0,""x_min"":260.0}]","[259.75,144.58951095125462]","[{""bbox"":[34.0,90.0,98.0,122.0],""confidence"":0.9620557245368385,""pixel_y"":106.0,""text"":""25%"",""value"":25.0},{""bbox"":[34.0,326.0,98.0,357.0],""confidence"":0.9605857729911804,""pixel_y"":341.5,""text"":""10%"",""value"":10.0},{""bbox"":[26.0,641.0,99.0,672.0],""confidence"":0.9965397119522095,""pixel_y"":656.5,""text"":""-10%"",""value"":-10.0}]",-0.0635738324862284,31.728503688265377,41.60907336223649,19.038175821404632,22.478511061519143,22.53639433978463,23.19896228129206,23.514913456573154,22.649243017130214,22.903249373208286,22.733308149065024,22.6,ok,within_expected_error,0,0,"[{""bbox"":[105.0,511.0,222.0,544.0],""canonical"":""3QFY22"",""center_x"":163.5,""center_y"":527.5,""confidence"":0.9763041058980056,""label"":""BQ FY22"",""normalized"":""bqfy22"",""scalar"":2022.5,""scalar_family"":""quarter"",""source"":""full_image_ocr""},{""bbox"":[302.0,511.0,410.0,544.0],""canonical"":""1QFY23"",""center_x"":356.0,""center_y"":527.5,""confidence"":0.9977345586228846,""label"":""1QFY23"",""normalized"":""1qfy23"",""scalar"":2023.0,""scalar_family"":""quarter"",""source"":""full_image_ocr""},{""bbox"":[492.0,511.0,602.0,544.0],""canonical"":""3QFY23"",""center_x"":547.0,""center_y"":527.5,""confidence"":0.9989877574658453,""label"":""3QFY23"",""normalized"":""3qfy23"",""scalar"":2023.5,""scalar_family"":""quarter"",""source"":""full_image_ocr""},{""bbox"":[680.0,510.0,798.0,547.0],""canonical"":""1QFY24"",""center_x"":739.0,""center_y"":528.5,""confidence"":0.5789509877697873,""label"":""1Q FX?4"",""normalized"":""1qfx4"",""scalar"":2024.0,""scalar_family"":""quarter"",""source"":""full_image_ocr""},{""bbox"":[870.0,511.0,989.0,544.0],""canonical"":""3QFY24"",""center_x"":929.5,""center_y"":527.5,""confidence"":0.7333162183536723,""label"":""30 FY24"",""normalized"":""30fy24"",""scalar"":2024.5,""scalar_family"":""quarter"",""source"":""full_image_ocr""}]",phase3_masked_images/phase3_line_0007.png,/data/liu_jun/finmme_reproduction/outputs/cache/phase2c_official_jpeg/5038.jpg,19.038175821404632,3.5618241785953693,0.08560210287759029,-3.5618241785953693,22.478511061519143,0.12148893848085862,0.0029197703448767356,-0.12148893848085862,22.53639433978463,0.06360566021537295,0.001528648803630895,-0.06360566021537295
phase3_line_0008,61e21ce6de0d5fd0f81a3ca77dccc7f099f90340094a3b293267e82705005f9b,train,What is the value for 4QFY23?,4QFY23,interpolated_semantic_target,,piecewise_linear_interpolation,643.0,641.0,694.0,2.0,"[596.92,689.08]",2,"[39.0,39.0,159.0]",21,2,0.0,"[{""inlier_count"":95,""median_residual"":0.6549990040074931,""side"":""all"",""slope"":1.1106990472110763,""target_y"":402.33016669559123,""x_max"":690.0,""x_min"":596.0},{""inlier_count"":47,""median_residual"":0.1282062961815882,""side"":""left"",""slope"":1.0498078371567683,""target_y"":400.81718179558084,""x_max"":643.0,""x_min"":596.0},{""inlier_count"":46,""median_residual"":0.18183321329044588,""side"":""right"",""slope"":1.1757555715612729,""target_y"":400.75763442937546,""x_max"":690.0,""x_min"":643.0}]","[643.0,400.78740811247815]","[{""bbox"":[34.0,90.0,98.0,122.0],""confidence"":0.9620557245368385,""pixel_y"":106.0,""text"":""25%"",""value"":25.0},{""bbox"":[34.0,326.0,98.0,357.0],""confidence"":0.9605857729911804,""pixel_y"":341.5,""text"":""10%"",""value"":10.0},{""bbox"":[26.0,641.0,99.0,672.0],""confidence"":0.9965397119522095,""pixel_y"":656.5,""text"":""-10%"",""value"":-10.0}]",-0.0635738324862284,31.728503688265377,41.60907336223649,2.422210869423086,6.140036112558445,6.248912142333033,6.911480083840467,7.227431259121561,6.361760819678619,6.615767175756691,6.446232898731913,6.3,ok,within_expected_error,0,0,"[{""bbox"":[105.0,511.0,222.0,544.0],""canonical"":""3QFY22"",""center_x"":163.5,""center_y"":527.5,""confidence"":0.9763041058980056,""label"":""BQ FY22"",""normalized"":""bqfy22"",""scalar"":2022.5,""scalar_family"":""quarter"",""source"":""full_image_ocr""},{""bbox"":[302.0,511.0,410.0,544.0],""canonical"":""1QFY23"",""center_x"":356.0,""center_y"":527.5,""confidence"":0.9977345586228846,""label"":""1QFY23"",""normalized"":""1qfy23"",""scalar"":2023.0,""scalar_family"":""quarter"",""source"":""full_image_ocr""},{""bbox"":[492.0,511.0,602.0,544.0],""canonical"":""3QFY23"",""center_x"":547.0,""center_y"":527.5,""confidence"":0.9989877574658453,""label"":""3QFY23"",""normalized"":""3qfy23"",""scalar"":2023.5,""scalar_family"":""quarter"",""source"":""full_image_ocr""},{""bbox"":[680.0,510.0,798.0,547.0],""canonical"":""1QFY24"",""center_x"":739.0,""center_y"":528.5,""confidence"":0.5789509877697873,""label"":""1Q FX?4"",""normalized"":""1qfx4"",""scalar"":2024.0,""scalar_family"":""quarter"",""source"":""full_image_ocr""},{""bbox"":[870.0,511.0,989.0,544.0],""canonical"":""3QFY24"",""center_x"":929.5,""center_y"":527.5,""confidence"":0.7333162183536723,""label"":""30 FY24"",""normalized"":""30fy24"",""scalar"":2024.5,""scalar_family"":""quarter"",""source"":""full_image_ocr""}]",phase3_masked_images/phase3_line_0008.png,/data/liu_jun/finmme_reproduction/outputs/cache/phase2c_official_jpeg/5038.jpg,2.422210869423086,3.8777891305769137,0.09319575797369986,-3.8777891305769137,6.140036112558445,0.1599638874415552,0.0038444472446900256,-0.1599638874415552,6.248912142333033,0.05108785766696666,0.0012278057053136137,-0.05108785766696666
phase3_line_0009,61e21ce6de0d5fd0f81a3ca77dccc7f099f90340094a3b293267e82705005f9b,train,What is the value for 1QFY24?,1QFY24,direct_anchor,1Q FX?4,direct_anchor,739.0,739.0,688.5,0.0,"[682.68,795.32]",2,"[39.0,39.0,159.0]",21,2,0.0,"[{""inlier_count"":115,""median_residual"":2.2662955819881745,""side"":""all"",""slope"":1.0001573225457143,""target_y"":508.75984535761387,""x_max"":796.0,""x_min"":682.0},{""inlier_count"":57,""median_residual"":0.21370314339111474,""side"":""left"",""slope"":1.1801796373616567,""target_y"":513.9591820829216,""x_max"":739.0,""x_min"":682.0},{""inlier_count"":55,""median_residual"":0.31563782673339347,""side"":""right"",""slope"":0.8344541648722081,""target_y"":513.265200407484,""x_max"":796.0,""x_min"":739.0}]","[739.0,513.6121912452029]","[{""bbox"":[34.0,90.0,98.0,122.0],""confidence"":0.9620557245368385,""pixel_y"":106.0,""text"":""25%"",""value"":25.0},{""bbox"":[34.0,326.0,98.0,357.0],""confidence"":0.9605857729911804,""pixel_y"":341.5,""text"":""10%"",""value"":10.0},{""bbox"":[26.0,641.0,99.0,672.0],""confidence"":0.9965397119522095,""pixel_y"":656.5,""text"":""-10%"",""value"":-10.0}]",-0.0635738324862284,31.728503688265377,41.60907336223649,2.855206704240196,-0.884872377169792,-0.9237917208418551,-0.2612237793344214,0.054727395946672086,-0.8109430434962697,-0.5569366874181974,-0.7255037219067415,-0.9,ok,within_expected_error,0,0,"[{""bbox"":[105.0,511.0,222.0,544.0],""canonical"":""3QFY22"",""center_x"":163.5,""center_y"":527.5,""confidence"":0.9763041058980056,""label"":""BQ FY22"",""normalized"":""bqfy22"",""scalar"":2022.5,""scalar_family"":""quarter"",""source"":""full_image_ocr""},{""bbox"":[302.0,511.0,410.0,544.0],""canonical"":""1QFY23"",""center_x"":356.0,""center_y"":527.5,""confidence"":0.9977345586228846,""label"":""1QFY23"",""normalized"":""1qfy23"",""scalar"":2023.0,""scalar_family"":""quarter"",""source"":""full_image_ocr""},{""bbox"":[492.0,511.0,602.0,544.0],""canonical"":""3QFY23"",""center_x"":547.0,""center_y"":527.5,""confidence"":0.9989877574658453,""label"":""3QFY23"",""normalized"":""3qfy23"",""scalar"":2023.5,""scalar_family"":""quarter"",""source"":""full_image_ocr""},{""bbox"":[680.0,510.0,798.0,547.0],""canonical"":""1QFY24"",""center_x"":739.0,""center_y"":528.5,""confidence"":0.5789509877697873,""label"":""1Q FX?4"",""normalized"":""1qfx4"",""scalar"":2024.0,""scalar_family"":""quarter"",""source"":""full_image_ocr""},{""bbox"":[870.0,511.0,989.0,544.0],""canonical"":""3QFY24"",""center_x"":929.5,""center_y"":527.5,""confidence"":0.7333162183536723,""label"":""30 FY24"",""normalized"":""30fy24"",""scalar"":2024.5,""scalar_family"":""quarter"",""source"":""full_image_ocr""}]",phase3_masked_images/phase3_line_0009.png,/data/liu_jun/finmme_reproduction/outputs/cache/phase2c_official_jpeg/5038.jpg,2.855206704240196,3.7552067042401958,0.09024970759498677,3.7552067042401958,-0.884872377169792,0.015127622830208076,0.00036356548242522476,0.015127622830208076,-0.9237917208418551,0.023791720841855102,0.0005717916531024688,-0.023791720841855102
phase3_line_0010,63534e777ffe73a3e8737b25bf41765f8ca458ca43c2ce783eed06d15215c4fc,test,What is the value for 2022?,2022,direct_anchor,2022,direct_anchor,977.5,977.5,964.5,0.0,"[963.82,991.18]",16,"[51.0,58.0,181.0]",21,11,0.0,"[{""inlier_count"":16,""median_residual"":0.2008593886628205,""side"":""all"",""slope"":0.41145439747425994,""target_y"":337.32777660502285,""x_max"":979.0,""x_min"":963.0}]","[977.5,337.32777660502285]","[{""bbox"":[26.0,87.0,86.0,120.0],""confidence"":0.9993299841880798,""pixel_y"":103.5,""text"":""90.0"",""value"":90.0},{""bbox"":[26.0,142.0,85.0,174.0],""confidence"":0.986212432384491,""pixel_y"":158.0,""text"":""80.0"",""value"":80.0},{""bbox"":[27.0,193.0,87.0,230.0],""confidence"":0.9959288239479065,""pixel_y"":211.5,""text"":""70.0"",""value"":70.0},{""bbox"":[28.0,250.0,85.0,283.0],""confidence"":0.9991552823124689,""pixel_y"":266.5,""text"":""60.0"",""value"":60.0},{""bbox"":[28.0,305.0,86.0,336.0],""confidence"":0.9997486472129822,""pixel_y"":320.5,""text"":""50.0"",""value"":50.0},{""bbox"":[28.0,358.0,85.0,390.0],""confidence"":0.9993818402290344,""pixel_y"":374.0,""text"":""40.0"",""value"":40.0},{""bbox"":[26.0,412.0,85.0,445.0],""confidence"":0.9989003539085388,""pixel_y"":428.5,""text"":""30.0"",""value"":30.0},{""bbox"":[28.0,466.0,85.0,499.0],""confidence"":0.9994519880711785,""pixel_y"":482.5,""text"":""20.0"",""value"":20.0},{""bbox"":[28.0,521.0,85.0,552.0],""confidence"":0.9981651902198792,""pixel_y"":536.5,""text"":""10.0"",""value"":10.0},{""bbox"":[41.0,574.0,85.0,606.0],""confidence"":0.9993695160877768,""pixel_y"":590.0,""text"":""0.0"",""value"":0.0}]",-0.18492494347846045,109.19669412854755,100.95052664489157,47.63864722137074,46.87698817630638,46.81637410614896,47.478942047656396,47.79489322293749,46.92922278349455,47.18322913957262,47.27973677630784,47.0,ok,within_expected_error,1,0,"[{""bbox"":[89.0,601.0,127.0,671.0],""canonical"":""1960"",""center_x"":108.0,""center_y"":636.0,""confidence"":0.9982942342758179,""label"":""1960"",""normalized"":""1960"",""scalar"":1960.0,""scalar_family"":""year"",""source"":""rotated_x_band_ocr""},{""bbox"":[118.0,601.0,154.0,671.0],""canonical"":""1962"",""center_x"":136.0,""center_y"":636.0,""confidence"":0.561754629942833,""label"":""1962"",""normalized"":""1962"",""scalar"":1962.0,""scalar_family"":""year"",""source"":""rotated_x_band_ocr""},{""bbox"":[145.0,601.0,183.0,671.0],""canonical"":""1964"",""center_x"":164.0,""center_y"":636.0,""confidence"":0.9903379628487791,""label"":""1964"",""normalized"":""1964"",""scalar"":1964.0,""scalar_family"":""year"",""source"":""rotated_x_band_ocr""},{""bbox"":[172.0,599.0,210.0,671.0],""canonical"":""1966"",""center_x"":191.0,""center_y"":635.0,""confidence"":0.9999805092811584,""label"":""1966"",""normalized"":""1966"",""scalar"":1966.0,""scalar_family"":""year"",""source"":""rotated_x_band_ocr""},{""bbox"":[201.0,599.0,239.0,671.0],""canonical"":""1968"",""center_x"":220.0,""center_y"":635.0,""confidence"":0.9999911189079285,""label"":""1968"",""normalized"":""1968"",""scalar"":1968.0,""scalar_family"":""year"",""source"":""rotated_x_band_ocr""},{""bbox"":[230.0,601.0,268.0,671.0],""canonical"":""1970"",""center_x"":249.0,""center_y"":636.0,""confidence"":0.9795939861864085,""label"":""1970"",""normalized"":""1970"",""scalar"":1970.0,""scalar_family"":""year"",""source"":""rotated_x_band_ocr""},{""bbox"":[259.0,601.0,295.0,671.0],""canonical"":""1972"",""center_x"":277.0,""center_y"":636.0,""confidence"":0.9213798512363535,""label"":""1972"",""normalized"":""1972"",""scalar"":1972.0,""scalar_family"":""year"",""source"":""rotated_x_band_ocr""},{""bbox"":[286.0,601.0,322.0,671.0],""canonical"":""1974"",""center_x"":304.0,""center_y"":636.0,""confidence"":0.7088169025022254,""label"":""1974"",""normalized"":""1974"",""scalar"":1974.0,""scalar_family"":""year"",""source"":""rotated_x_band_ocr""},{""bbox"":[313.0,601.0,351.0,671.0],""canonical"":""1976"",""center_x"":332.0,""center_y"":636.0,""confidence"":0.9771035934025762,""label"":""1976"",""normalized"":""1976"",""scalar"":1976.0,""scalar_family"":""year"",""source"":""rotated_x_band_ocr""},{""bbox"":[342.0,599.0,380.0,671.0],""canonical"":""1978"",""center_x"":361.0,""center_y"":635.0,""confidence"":0.9999712109565735,""label"":""1978"",""normalized"":""1978"",""scalar"":1978.0,""scalar_family"":""year"",""source"":""rotated_x_band_ocr""},{""bbox"":[369.0,601.0,407.0,671.0],""canonical"":""1980"",""center_x"":388.0,""center_y"":636.0,""confidence"":0.9999879002571106,""label"":""1980"",""normalized"":""1980"",""scalar"":1980.0,""scalar_family"":""year"",""source"":""rotated_x_band_ocr""},{""bbox"":[398.0,601.0,434.0,671.0],""canonical"":""1982"",""center_x"":416.0,""center_y"":636.0,""confidence"":0.9999925494194031,""label"":""1982"",""normalized"":""1982"",""scalar"":1982.0,""scalar_family"":""year"",""source"":""rotated_x_band_ocr""},{""bbox"":[427.0,601.0,463.0,671.0],""canonical"":""1984"",""center_x"":445.0,""center_y"":636.0,""confidence"":0.6065239348336708,""label"":""1984"",""normalized"":""1984"",""scalar"":1984.0,""scalar_family"":""year"",""source"":""rotated_x_band_ocr""},{""bbox"":[454.0,601.0,492.0,671.0],""canonical"":""1986"",""center_x"":473.0,""center_y"":636.0,""confidence"":0.9999940991401672,""label"":""1986"",""normalized"":""1986"",""scalar"":1986.0,""scalar_family"":""year"",""source"":""rotated_x_band_ocr""},{""bbox"":[483.0,601.0,519.0,671.0],""canonical"":""1988"",""center_x"":501.0,""center_y"":636.0,""confidence"":0.9999973177909851,""label"":""1988"",""normalized"":""1988"",""scalar"":1988.0,""scalar_family"":""year"",""source"":""rotated_x_band_ocr""},{""bbox"":[510.0,601.0,548.0,671.0],""canonical"":""1990"",""center_x"":529.0,""center_y"":636.0,""confidence"":0.8512871756608306,""label"":""1990"",""normalized"":""1990"",""scalar"":1990.0,""scalar_family"":""year"",""source"":""rotated_x_band_ocr""},{""bbox"":[539.0,601.0,575.0,671.0],""canonical"":""1992"",""center_x"":557.0,""center_y"":636.0,""confidence"":0.5567779807530326,""label"":""1992"",""normalized"":""1992"",""scalar"":1992.0,""scalar_family"":""year"",""source"":""rotated_x_band_ocr""},{""bbox"":[566.0,601.0,604.0,671.0],""canonical"":""1994"",""center_x"":585.0,""center_y"":636.0,""confidence"":0.9999728798866272,""label"":""1994"",""normalized"":""1994"",""scalar"":1994.0,""scalar_family"":""year"",""source"":""rotated_x_band_ocr""},{""bbox"":[593.0,601.0,631.0,671.0],""canonical"":""1996"",""center_x"":612.0,""center_y"":636.0,""confidence"":0.9999418258666992,""label"":""1996"",""normalized"":""1996"",""scalar"":1996.0,""scalar_family"":""year"",""source"":""rotated_x_band_ocr""},{""bbox"":[622.0,601.0,660.0,671.0],""canonical"":""1998"",""center_x"":641.0,""center_y"":636.0,""confidence"":0.9999616146087646,""label"":""1998"",""normalized"":""1998"",""scalar"":1998.0,""scalar_family"":""year"",""source"":""rotated_x_band_ocr""},{""bbox"":[651.0,601.0,687.0,672.0],""canonical"":""2000"",""center_x"":669.0,""center_y"":636.5,""confidence"":0.9998961687088013,""label"":""2000"",""normalized"":""2000"",""scalar"":2000.0,""scalar_family"":""year"",""source"":""rotated_x_band_ocr""},{""bbox"":[678.0,601.0,716.0,672.0],""canonical"":""2002"",""center_x"":697.0,""center_y"":636.5,""confidence"":0.9999995827674866,""label"":""2002"",""normalized"":""2002"",""scalar"":2002.0,""scalar_family"":""year"",""source"":""rotated_x_band_ocr""},{""bbox"":[707.0,601.0,743.0,672.0],""canonical"":""2004"",""center_x"":725.0,""center_y"":636.5,""confidence"":0.9999999403953552,""label"":""2004"",""normalized"":""2004"",""scalar"":2004.0,""scalar_family"":""year"",""source"":""rotated_x_band_ocr""},{""bbox"":[734.0,601.0,770.0,672.0],""canonical"":""2006"",""center_x"":752.0,""center_y"":636.5,""confidence"":0.9999909400939941,""label"":""2006"",""normalized"":""2006"",""scalar"":2006.0,""scalar_family"":""year"",""source"":""rotated_x_band_ocr""},{""bbox"":[763.0,601.0,799.0,672.0],""canonical"":""2008"",""center_x"":781.0,""center_y"":636.5,""confidence"":0.9999996423721313,""label"":""2008"",""normalized"":""2008"",""scalar"":2008.0,""scalar_family"":""year"",""source"":""rotated_x_band_ocr""},{""bbox"":[791.0,601.0,828.0,672.0],""canonical"":""2010"",""center_x"":809.5,""center_y"":636.5,""confidence"":0.9999997615814209,""label"":""2010"",""normalized"":""2010"",""scalar"":2010.0,""scalar_family"":""year"",""source"":""rotated_x_band_ocr""},{""bbox"":[819.0,601.0,857.0,672.0],""canonical"":""2012"",""center_x"":838.0,""center_y"":636.5,""confidence"":1.0,""label"":""2012"",""normalized"":""2012"",""scalar"":2012.0,""scalar_family"":""year"",""source"":""rotated_x_band_ocr""},{""bbox"":[847.0,601.0,884.0,672.0],""canonical"":""2014"",""center_x"":865.5,""center_y"":636.5,""confidence"":0.9999998807907104,""label"":""2014"",""normalized"":""2014"",""scalar"":2014.0,""scalar_family"":""year"",""source"":""rotated_x_band_ocr""},{""bbox"":[875.0,601.0,911.0,672.0],""canonical"":""2016"",""center_x"":893.0,""center_y"":636.5,""confidence"":0.9998577833175659,""label"":""2016"",""normalized"":""2016"",""scalar"":2016.0,""scalar_family"":""year"",""source"":""rotated_x_band_ocr""},{""bbox"":[903.0,601.0,940.0,672.0],""canonical"":""2018"",""center_x"":921.5,""center_y"":636.5,""confidence"":0.9999996423721313,""label"":""2018"",""normalized"":""2018"",""scalar"":2018.0,""scalar_family"":""year"",""source"":""rotated_x_band_ocr""},{""bbox"":[931.0,601.0,967.0,672.0],""canonical"":""2020"",""center_x"":949.0,""center_y"":636.5,""confidence"":0.9999982118606567,""label"":""2020"",""normalized"":""2020"",""scalar"":2020.0,""scalar_family"":""year"",""source"":""rotated_x_band_ocr""},{""bbox"":[959.0,601.0,996.0,672.0],""canonical"":""2022"",""center_x"":977.5,""center_y"":636.5,""confidence"":1.0,""label"":""2022"",""normalized"":""2022"",""scalar"":2022.0,""scalar_family"":""year"",""source"":""rotated_x_band_ocr""}]",phase3_masked_images/phase3_line_0010.png,/data/liu_jun/finmme_reproduction/outputs/cache/phase2c_official_jpeg/10.jpg,47.63864722137074,0.6386472213707393,0.006326338678918194,0.6386472213707393,46.87698817630638,0.12301182369362351,0.0012185357301436953,-0.12301182369362351,46.81637410614896,0.1836258938510369,0.0018189691520577023,-0.1836258938510369
phase3_line_0011,63534e777ffe73a3e8737b25bf41765f8ca458ca43c2ce783eed06d15215c4fc,test,What is the value for 1960?,1960,direct_anchor,1960,direct_anchor,108.0,108.0,131.5,0.0,"[94.56,121.44]",16,"[51.0,58.0,181.0]",21,11,0.0,"[{""inlier_count"":16,""median_residual"":0.16618676227918172,""side"":""all"",""slope"":-0.381089496491663,""target_y"":170.0745076700354,""x_max"":122.0,""x_min"":107.0}]","[108.0,170.0745076700354]","[{""bbox"":[26.0,87.0,86.0,120.0],""confidence"":0.9993299841880798,""pixel_y"":103.5,""text"":""90.0"",""value"":90.0},{""bbox"":[26.0,142.0,85.0,174.0],""confidence"":0.986212432384491,""pixel_y"":158.0,""text"":""80.0"",""value"":80.0},{""bbox"":[27.0,193.0,87.0,230.0],""confidence"":0.9959288239479065,""pixel_y"":211.5,""text"":""70.0"",""value"":70.0},{""bbox"":[28.0,250.0,85.0,283.0],""confidence"":0.9991552823124689,""pixel_y"":266.5,""text"":""60.0"",""value"":60.0},{""bbox"":[28.0,305.0,86.0,336.0],""confidence"":0.9997486472129822,""pixel_y"":320.5,""text"":""50.0"",""value"":50.0},{""bbox"":[28.0,358.0,85.0,390.0],""confidence"":0.9993818402290344,""pixel_y"":374.0,""text"":""40.0"",""value"":40.0},{""bbox"":[26.0,412.0,85.0,445.0],""confidence"":0.9989003539085388,""pixel_y"":428.5,""text"":""30.0"",""value"":30.0},{""bbox"":[28.0,466.0,85.0,499.0],""confidence"":0.9994519880711785,""pixel_y"":482.5,""text"":""20.0"",""value"":20.0},{""bbox"":[28.0,521.0,85.0,552.0],""confidence"":0.9981651902198792,""pixel_y"":536.5,""text"":""10.0"",""value"":10.0},{""bbox"":[41.0,574.0,85.0,606.0],""confidence"":0.9993695160877768,""pixel_y"":590.0,""text"":""0.0"",""value"":0.0}]",-0.18492494347846045,109.19669412854755,100.95052664489157,79.21494707377745,77.75945373720927,77.74567541053926,78.4082433520467,78.7241945273278,77.85852408788485,78.11253044396292,78.20803327548398,78.0,ok,within_expected_error,1,0,"[{""bbox"":[89.0,601.0,127.0,671.0],""canonical"":""1960"",""center_x"":108.0,""center_y"":636.0,""confidence"":0.9982942342758179,""label"":""1960"",""normalized"":""1960"",""scalar"":1960.0,""scalar_family"":""year"",""source"":""rotated_x_band_ocr""},{""bbox"":[118.0,601.0,154.0,671.0],""canonical"":""1962"",""center_x"":136.0,""center_y"":636.0,""confidence"":0.561754629942833,""label"":""1962"",""normalized"":""1962"",""scalar"":1962.0,""scalar_family"":""year"",""source"":""rotated_x_band_ocr""},{""bbox"":[145.0,601.0,183.0,671.0],""canonical"":""1964"",""center_x"":164.0,""center_y"":636.0,""confidence"":0.9903379628487791,""label"":""1964"",""normalized"":""1964"",""scalar"":1964.0,""scalar_family"":""year"",""source"":""rotated_x_band_ocr""},{""bbox"":[172.0,599.0,210.0,671.0],""canonical"":""1966"",""center_x"":191.0,""center_y"":635.0,""confidence"":0.9999805092811584,""label"":""1966"",""normalized"":""1966"",""scalar"":1966.0,""scalar_family"":""year"",""source"":""rotated_x_band_ocr""},{""bbox"":[201.0,599.0,239.0,671.0],""canonical"":""1968"",""center_x"":220.0,""center_y"":635.0,""confidence"":0.9999911189079285,""label"":""1968"",""normalized"":""1968"",""scalar"":1968.0,""scalar_family"":""year"",""source"":""rotated_x_band_ocr""},{""bbox"":[230.0,601.0,268.0,671.0],""canonical"":""1970"",""center_x"":249.0,""center_y"":636.0,""confidence"":0.9795939861864085,""label"":""1970"",""normalized"":""1970"",""scalar"":1970.0,""scalar_family"":""year"",""source"":""rotated_x_band_ocr""},{""bbox"":[259.0,601.0,295.0,671.0],""canonical"":""1972"",""center_x"":277.0,""center_y"":636.0,""confidence"":0.9213798512363535,""label"":""1972"",""normalized"":""1972"",""scalar"":1972.0,""scalar_family"":""year"",""source"":""rotated_x_band_ocr""},{""bbox"":[286.0,601.0,322.0,671.0],""canonical"":""1974"",""center_x"":304.0,""center_y"":636.0,""confidence"":0.7088169025022254,""label"":""1974"",""normalized"":""1974"",""scalar"":1974.0,""scalar_family"":""year"",""source"":""rotated_x_band_ocr""},{""bbox"":[313.0,601.0,351.0,671.0],""canonical"":""1976"",""center_x"":332.0,""center_y"":636.0,""confidence"":0.9771035934025762,""label"":""1976"",""normalized"":""1976"",""scalar"":1976.0,""scalar_family"":""year"",""source"":""rotated_x_band_ocr""},{""bbox"":[342.0,599.0,380.0,671.0],""canonical"":""1978"",""center_x"":361.0,""center_y"":635.0,""confidence"":0.9999712109565735,""label"":""1978"",""normalized"":""1978"",""scalar"":1978.0,""scalar_family"":""year"",""source"":""rotated_x_band_ocr""},{""bbox"":[369.0,601.0,407.0,671.0],""canonical"":""1980"",""center_x"":388.0,""center_y"":636.0,""confidence"":0.9999879002571106,""label"":""1980"",""normalized"":""1980"",""scalar"":1980.0,""scalar_family"":""year"",""source"":""rotated_x_band_ocr""},{""bbox"":[398.0,601.0,434.0,671.0],""canonical"":""1982"",""center_x"":416.0,""center_y"":636.0,""confidence"":0.9999925494194031,""label"":""1982"",""normalized"":""1982"",""scalar"":1982.0,""scalar_family"":""year"",""source"":""rotated_x_band_ocr""},{""bbox"":[427.0,601.0,463.0,671.0],""canonical"":""1984"",""center_x"":445.0,""center_y"":636.0,""confidence"":0.6065239348336708,""label"":""1984"",""normalized"":""1984"",""scalar"":1984.0,""scalar_family"":""year"",""source"":""rotated_x_band_ocr""},{""bbox"":[454.0,601.0,492.0,671.0],""canonical"":""1986"",""center_x"":473.0,""center_y"":636.0,""confidence"":0.9999940991401672,""label"":""1986"",""normalized"":""1986"",""scalar"":1986.0,""scalar_family"":""year"",""source"":""rotated_x_band_ocr""},{""bbox"":[483.0,601.0,519.0,671.0],""canonical"":""1988"",""center_x"":501.0,""center_y"":636.0,""confidence"":0.9999973177909851,""label"":""1988"",""normalized"":""1988"",""scalar"":1988.0,""scalar_family"":""year"",""source"":""rotated_x_band_ocr""},{""bbox"":[510.0,601.0,548.0,671.0],""canonical"":""1990"",""center_x"":529.0,""center_y"":636.0,""confidence"":0.8512871756608306,""label"":""1990"",""normalized"":""1990"",""scalar"":1990.0,""scalar_family"":""year"",""source"":""rotated_x_band_ocr""},{""bbox"":[539.0,601.0,575.0,671.0],""canonical"":""1992"",""center_x"":557.0,""center_y"":636.0,""confidence"":0.5567779807530326,""label"":""1992"",""normalized"":""1992"",""scalar"":1992.0,""scalar_family"":""year"",""source"":""rotated_x_band_ocr""},{""bbox"":[566.0,601.0,604.0,671.0],""canonical"":""1994"",""center_x"":585.0,""center_y"":636.0,""confidence"":0.9999728798866272,""label"":""1994"",""normalized"":""1994"",""scalar"":1994.0,""scalar_family"":""year"",""source"":""rotated_x_band_ocr""},{""bbox"":[593.0,601.0,631.0,671.0],""canonical"":""1996"",""center_x"":612.0,""center_y"":636.0,""confidence"":0.9999418258666992,""label"":""1996"",""normalized"":""1996"",""scalar"":1996.0,""scalar_family"":""year"",""source"":""rotated_x_band_ocr""},{""bbox"":[622.0,601.0,660.0,671.0],""canonical"":""1998"",""center_x"":641.0,""center_y"":636.0,""confidence"":0.9999616146087646,""label"":""1998"",""normalized"":""1998"",""scalar"":1998.0,""scalar_family"":""year"",""source"":""rotated_x_band_ocr""},{""bbox"":[651.0,601.0,687.0,672.0],""canonical"":""2000"",""center_x"":669.0,""center_y"":636.5,""confidence"":0.9998961687088013,""label"":""2000"",""normalized"":""2000"",""scalar"":2000.0,""scalar_family"":""year"",""source"":""rotated_x_band_ocr""},{""bbox"":[678.0,601.0,716.0,672.0],""canonical"":""2002"",""center_x"":697.0,""center_y"":636.5,""confidence"":0.9999995827674866,""label"":""2002"",""normalized"":""2002"",""scalar"":2002.0,""scalar_family"":""year"",""source"":""rotated_x_band_ocr""},{""bbox"":[707.0,601.0,743.0,672.0],""canonical"":""2004"",""center_x"":725.0,""center_y"":636.5,""confidence"":0.9999999403953552,""label"":""2004"",""normalized"":""2004"",""scalar"":2004.0,""scalar_family"":""year"",""source"":""rotated_x_band_ocr""},{""bbox"":[734.0,601.0,770.0,672.0],""canonical"":""2006"",""center_x"":752.0,""center_y"":636.5,""confidence"":0.9999909400939941,""label"":""2006"",""normalized"":""2006"",""scalar"":2006.0,""scalar_family"":""year"",""source"":""rotated_x_band_ocr""},{""bbox"":[763.0,601.0,799.0,672.0],""canonical"":""2008"",""center_x"":781.0,""center_y"":636.5,""confidence"":0.9999996423721313,""label"":""2008"",""normalized"":""2008"",""scalar"":2008.0,""scalar_family"":""year"",""source"":""rotated_x_band_ocr""},{""bbox"":[791.0,601.0,828.0,672.0],""canonical"":""2010"",""center_x"":809.5,""center_y"":636.5,""confidence"":0.9999997615814209,""label"":""2010"",""normalized"":""2010"",""scalar"":2010.0,""scalar_family"":""year"",""source"":""rotated_x_band_ocr""},{""bbox"":[819.0,601.0,857.0,672.0],""canonical"":""2012"",""center_x"":838.0,""center_y"":636.5,""confidence"":1.0,""label"":""2012"",""normalized"":""2012"",""scalar"":2012.0,""scalar_family"":""year"",""source"":""rotated_x_band_ocr""},{""bbox"":[847.0,601.0,884.0,672.0],""canonical"":""2014"",""center_x"":865.5,""center_y"":636.5,""confidence"":0.9999998807907104,""label"":""2014"",""normalized"":""2014"",""scalar"":2014.0,""scalar_family"":""year"",""source"":""rotated_x_band_ocr""},{""bbox"":[875.0,601.0,911.0,672.0],""canonical"":""2016"",""center_x"":893.0,""center_y"":636.5,""confidence"":0.9998577833175659,""label"":""2016"",""normalized"":""2016"",""scalar"":2016.0,""scalar_family"":""year"",""source"":""rotated_x_band_ocr""},{""bbox"":[903.0,601.0,940.0,672.0],""canonical"":""2018"",""center_x"":921.5,""center_y"":636.5,""confidence"":0.9999996423721313,""label"":""2018"",""normalized"":""2018"",""scalar"":2018.0,""scalar_family"":""year"",""source"":""rotated_x_band_ocr""},{""bbox"":[931.0,601.0,967.0,672.0],""canonical"":""2020"",""center_x"":949.0,""center_y"":636.5,""confidence"":0.9999982118606567,""label"":""2020"",""normalized"":""2020"",""scalar"":2020.0,""scalar_family"":""year"",""source"":""rotated_x_band_ocr""},{""bbox"":[959.0,601.0,996.0,672.0],""canonical"":""2022"",""center_x"":977.5,""center_y"":636.5,""confidence"":1.0,""label"":""2022"",""normalized"":""2022"",""scalar"":2022.0,""scalar_family"":""year"",""source"":""rotated_x_band_ocr""}]",phase3_masked_images/phase3_line_0011.png,/data/liu_jun/finmme_reproduction/outputs/cache/phase2c_official_jpeg/10.jpg,79.21494707377745,1.2149470737774521,0.012035074151234578,1.2149470737774521,77.75945373720927,0.24054626279072977,0.0023828133520975765,-0.24054626279072977,77.74567541053926,0.25432458946073666,0.002519299283651695,-0.25432458946073666
phase3_line_0012,a0b47eb2b96478aef9d4153530745d6f9c5d0ca9ae2eea829ca619526e513389,train,What is the value for Jan-24?,Jan-24,direct_anchor,Jan-24,direct_anchor,954.5,954.5,957.5,0.0,"[914.9,994.1]",17,"[52.0,58.0,184.0]",20,12,0.0,"[{""inlier_count"":46,""median_residual"":7.735775534650145,""side"":""all"",""slope"":1.5260023908566047,""target_y"":548.6572376150611,""x_max"":959.0,""x_min"":914.0},{""inlier_count"":41,""median_residual"":8.497749490183992,""side"":""left"",""slope"":1.5377127989629198,""target_y"":548.8842453061862,""x_max"":954.0,""x_min"":914.0},{""inlier_count"":5,""median_residual"":0.1985557191459293,""side"":""right"",""slope"":-0.24999999999998504,""target_y"":552.926444280854,""x_max"":959.0,""x_min"":955.0}]","[954.5,550.90534479352]","[{""bbox"":[29.0,67.0,105.0,105.0],""confidence"":0.9815166913456229,""pixel_y"":86.0,""text"":""80%"",""value"":80.0},{""bbox"":[30.0,139.0,105.0,177.0],""confidence"":0.9254022467190669,""pixel_y"":158.0,""text"":""70%"",""value"":70.0},{""bbox"":[30.0,211.0,105.0,249.0],""confidence"":0.9768524044826671,""pixel_y"":230.0,""text"":""60%"",""value"":60.0},{""bbox"":[29.0,283.0,105.0,321.0],""confidence"":0.9472420529162185,""pixel_y"":302.0,""text"":""50%"",""value"":50.0},{""bbox"":[29.0,355.0,105.0,393.0],""confidence"":0.9248538798533973,""pixel_y"":374.0,""text"":""40%"",""value"":40.0},{""bbox"":[29.0,429.0,105.0,467.0],""confidence"":0.928500713351754,""pixel_y"":448.0,""text"":""30%"",""value"":30.0},{""bbox"":[29.0,501.0,105.0,539.0],""confidence"":0.9774309461385403,""pixel_y"":520.0,""text"":""20%"",""value"":20.0},{""bbox"":[30.0,573.0,105.0,611.0],""confidence"":0.6967335343360901,""pixel_y"":592.0,""text"":""10%"",""value"":10.0},{""bbox"":[46.0,645.0,105.0,683.0],""confidence"":0.8144438289614112,""pixel_y"":664.0,""text"":""0%"",""value"":0.0},{""bbox"":[17.0,717.0,105.0,755.0],""confidence"":0.9945090413093567,""pixel_y"":736.0,""text"":""-10%"",""value"":-10.0}]",-0.13830601219597022,91.84377101254373,100.8527440933015,15.218490999286473,15.291393262074209,15.650249676705968,16.3128176182134,16.628768793494494,15.763098354051554,16.017104710129626,16.12360293420725,16.0,ok,within_expected_error,1,0,"[{""bbox"":[104.0,744.0,152.0,855.0],""canonical"":""Jan-14"",""center_x"":128.0,""center_y"":799.5,""confidence"":0.9130356057716541,""label"":""Jan-14"",""normalized"":""jan14"",""scalar"":2014.0,""scalar_family"":""month"",""source"":""rotated_x_band_ocr""},{""bbox"":[186.0,744.0,234.0,855.0],""canonical"":""Jan-15"",""center_x"":210.0,""center_y"":799.5,""confidence"":0.881067602902223,""label"":""Jan-15"",""normalized"":""jan15"",""scalar"":2015.0,""scalar_family"":""month"",""source"":""rotated_x_band_ocr""},{""bbox"":[269.0,744.0,317.0,853.0],""canonical"":""Jan-16"",""center_x"":293.0,""center_y"":798.5,""confidence"":0.9999852052108485,""label"":""Jan-16"",""normalized"":""jan16"",""scalar"":2016.0,""scalar_family"":""month"",""source"":""rotated_x_band_ocr""},{""bbox"":[353.0,747.0,398.0,852.0],""canonical"":""Jan-17"",""center_x"":375.5,""center_y"":799.5,""confidence"":0.9999935759528585,""label"":""Jan-17"",""normalized"":""jan17"",""scalar"":2017.0,""scalar_family"":""month"",""source"":""rotated_x_band_ocr""},{""bbox"":[437.0,746.0,481.0,852.0],""canonical"":""Jan-18"",""center_x"":459.0,""center_y"":799.0,""confidence"":0.6081855933137462,""label"":""Jan-18"",""normalized"":""jan18"",""scalar"":2018.0,""scalar_family"":""month"",""source"":""rotated_x_band_ocr""},{""bbox"":[518.0,747.0,563.0,852.0],""canonical"":""Jan-19"",""center_x"":540.5,""center_y"":799.5,""confidence"":0.9999718703916326,""label"":""Jan-19"",""normalized"":""jan19"",""scalar"":2019.0,""scalar_family"":""month"",""source"":""rotated_x_band_ocr""},{""bbox"":[600.0,746.0,648.0,853.0],""canonical"":""Jan-20"",""center_x"":624.0,""center_y"":799.5,""confidence"":0.9986745030651007,""label"":""Jan-20"",""normalized"":""jan20"",""scalar"":2020.0,""scalar_family"":""month"",""source"":""rotated_x_band_ocr""},{""bbox"":[685.0,750.0,729.0,852.0],""canonical"":""Jan-21"",""center_x"":707.0,""center_y"":801.0,""confidence"":0.4519289728233714,""label"":""Jan-21"",""normalized"":""jan21"",""scalar"":2021.0,""scalar_family"":""month"",""source"":""rotated_x_band_ocr""},{""bbox"":[768.0,747.0,812.0,852.0],""canonical"":""Jan-22"",""center_x"":790.0,""center_y"":799.5,""confidence"":0.9999616502476626,""label"":""Jan-22"",""normalized"":""jan22"",""scalar"":2022.0,""scalar_family"":""month"",""source"":""rotated_x_band_ocr""},{""bbox"":[848.0,746.0,896.0,853.0],""canonical"":""Jan-23"",""center_x"":872.0,""center_y"":799.5,""confidence"":0.9999864705565813,""label"":""Jan-23"",""normalized"":""jan23"",""scalar"":2023.0,""scalar_family"":""month"",""source"":""rotated_x_band_ocr""},{""bbox"":[932.0,746.0,977.0,852.0],""canonical"":""Jan-24"",""center_x"":954.5,""center_y"":799.0,""confidence"":0.9999779051322868,""label"":""Jan-24"",""normalized"":""jan24"",""scalar"":2024.0,""scalar_family"":""month"",""source"":""rotated_x_band_ocr""}]",phase3_masked_images/phase3_line_0012.png,/data/liu_jun/finmme_reproduction/outputs/cache/phase2c_official_jpeg/2547.jpg,15.218490999286473,0.7815090007135268,0.007749010775458251,-0.7815090007135268,15.291393262074209,0.7086067379257912,0.007026152280697893,-0.7086067379257912,15.650249676705968,0.3497503232940318,0.003467930659085177,-0.3497503232940318
phase3_line_0013,ce8bb0ba270a7a51320b183e8628563b88c2cadab27076c9bb68a841b03bd7ad,train,What is the value for FY19?,FY19,direct_anchor,FY1g,direct_anchor,218.0,218.0,221.0,0.0,"[171.2,264.8]",18,"[57.0,53.0,177.0]",21,14,0.0,"[{""inlier_count"":95,""median_residual"":1.3289694240261838,""side"":""all"",""slope"":-0.565982074200417,""target_y"":315.0195968270116,""x_max"":265.0,""x_min"":171.0},{""inlier_count"":48,""median_residual"":0.12914961779577538,""side"":""left"",""slope"":-0.4516598471183081,""target_y"":317.7402571523712,""x_max"":218.0,""x_min"":171.0},{""inlier_count"":48,""median_residual"":0.20153572460952773,""side"":""right"",""slope"":-0.676804944260806,""target_y"":317.6642788248787,""x_max"":265.0,""x_min"":218.0}]","[218.0,317.70226798862495]","[{""bbox"":[26.0,20.0,75.0,46.0],""confidence"":0.9998171329498291,""pixel_y"":33.0,""text"":""12.0"",""value"":12.0},{""bbox"":[26.0,95.0,75.0,122.0],""confidence"":0.9844072808615038,""pixel_y"":108.5,""text"":""10.0"",""value"":10.0},{""bbox"":[38.0,170.0,75.0,197.0],""confidence"":0.9997315853165792,""pixel_y"":183.5,""text"":""8.0"",""value"":8.0},{""bbox"":[38.0,246.0,75.0,270.0],""confidence"":0.9999262882369743,""pixel_y"":258.0,""text"":""6.0"",""value"":6.0},{""bbox"":[38.0,321.0,75.0,346.0],""confidence"":0.9994380608241118,""pixel_y"":333.5,""text"":""4.0"",""value"":4.0},{""bbox"":[38.0,394.0,75.0,421.0],""confidence"":0.6277324557304382,""pixel_y"":407.5,""text"":""2.0"",""value"":2.0}]",-0.02669698615259299,12.891134944338852,11.744404663317944,4.46440185248067,4.401493347814281,4.409441895199144,5.072009836706578,5.387961011987672,4.52229057254473,4.776296928622802,4.465037084561495,4.4,ok,within_expected_error,0,0,"[{""bbox"":[90.0,492.0,149.0,518.0],""canonical"":""FY17"",""center_x"":119.5,""center_y"":505.0,""confidence"":0.997615396976471,""label"":""FY17"",""normalized"":""fy17"",""scalar"":2017.0,""scalar_family"":""year"",""source"":""full_image_ocr""},{""bbox"":[188.0,492.0,248.0,518.0],""canonical"":""FY19"",""center_x"":218.0,""center_y"":505.0,""confidence"":0.7443287372589111,""label"":""FY1g"",""normalized"":""fy1g"",""scalar"":2019.0,""scalar_family"":""year"",""source"":""full_image_ocr""},{""bbox"":[106.0,529.0,336.0,558.0],""canonical"":null,""center_x"":221.0,""center_y"":543.5,""confidence"":0.8933511374388746,""label"":""Pricelbatch (USD1,000)"",""normalized"":""pricelbatchusd1000"",""scalar"":null,""scalar_family"":null,""source"":""full_image_ocr""},{""bbox"":[287.0,492.0,344.0,518.0],""canonical"":""FY21"",""center_x"":315.5,""center_y"":505.0,""confidence"":0.9938028454780579,""label"":""FY21"",""normalized"":""fy21"",""scalar"":2021.0,""scalar_family"":""year"",""source"":""full_image_ocr""},{""bbox"":[380.0,492.0,451.0,518.0],""canonical"":""FY23F"",""center_x"":415.5,""center_y"":505.0,""confidence"":0.9995827165809967,""label"":""FY23F"",""normalized"":""fy23f"",""scalar"":2023.0,""scalar_family"":""year"",""source"":""full_image_ocr""},{""bbox"":[478.0,492.0,550.0,518.0],""canonical"":""FY25F"",""center_x"":514.0,""center_y"":505.0,""confidence"":0.6984731645069978,""label"":""FY2SF"",""normalized"":""fy2sf"",""scalar"":2025.0,""scalar_family"":""year"",""source"":""full_image_ocr""},{""bbox"":[578.0,492.0,650.0,518.0],""canonical"":""FY27F"",""center_x"":614.0,""center_y"":505.0,""confidence"":0.6458132476330254,""label"":""FY27F"",""normalized"":""fy27f"",""scalar"":2027.0,""scalar_family"":""year"",""source"":""full_image_ocr""},{""bbox"":[678.0,492.0,749.0,518.0],""canonical"":""FY29F"",""center_x"":713.5,""center_y"":505.0,""confidence"":0.9310418999025285,""label"":""FY29F"",""normalized"":""fy29f"",""scalar"":2029.0,""scalar_family"":""year"",""source"":""full_image_ocr""},{""bbox"":[775.0,492.0,848.0,518.0],""canonical"":""FY31F"",""center_x"":811.5,""center_y"":505.0,""confidence"":0.9769070795792294,""label"":""FY31F"",""normalized"":""fy31f"",""scalar"":2031.0,""scalar_family"":""year"",""source"":""full_image_ocr""},{""bbox"":[874.0,492.0,946.0,518.0],""canonical"":""FY33F"",""center_x"":910.0,""center_y"":505.0,""confidence"":0.9992451748586266,""label"":""FY33F"",""normalized"":""fy33f"",""scalar"":2033.0,""scalar_family"":""year"",""source"":""full_image_ocr""}]",phase3_masked_images/phase3_line_0013.png,/data/liu_jun/finmme_reproduction/outputs/cache/phase2c_official_jpeg/1356.jpg,4.46440185248067,0.06440185248066932,0.005483620015395057,0.06440185248066932,4.401493347814281,0.0014933478142804546,0.00012715398158450074,0.0014933478142804546,4.409441895199144,0.009441895199143957,0.0008039483881745353,0.009441895199143957
phase3_line_0014,ce8bb0ba270a7a51320b183e8628563b88c2cadab27076c9bb68a841b03bd7ad,train,What is the value for FY18?,FY18,interpolated_semantic_target,,piecewise_linear_interpolation,168.75,166.0,171.5,2.75,"[145.11,192.39]",18,"[57.0,53.0,177.0]",21,14,0.0,"[{""inlier_count"":49,""median_residual"":1.1593879478722329,""side"":""all"",""slope"":-0.2544728518854907,""target_y"":337.5579903466679,""x_max"":193.0,""x_min"":145.0},{""inlier_count"":24,""median_residual"":0.17330869427854623,""side"":""left"",""slope"":-0.05026020088022307,""target_y"":340.11472538389836,""x_max"":168.0,""x_min"":145.0},{""inlier_count"":25,""median_residual"":0.13311760689907715,""side"":""right"",""slope"":-0.4428973510707861,""target_y"":339.8873022107286,""x_max"":193.0,""x_min"":169.0}]","[168.75,340.0010137973135]","[{""bbox"":[26.0,20.0,75.0,46.0],""confidence"":0.9998171329498291,""pixel_y"":33.0,""text"":""12.0"",""value"":12.0},{""bbox"":[26.0,95.0,75.0,122.0],""confidence"":0.9844072808615038,""pixel_y"":108.5,""text"":""10.0"",""value"":10.0},{""bbox"":[38.0,170.0,75.0,197.0],""confidence"":0.9997315853165792,""pixel_y"":183.5,""text"":""8.0"",""value"":8.0},{""bbox"":[38.0,246.0,75.0,270.0],""confidence"":0.9999262882369743,""pixel_y"":258.0,""text"":""6.0"",""value"":6.0},{""bbox"":[38.0,321.0,75.0,346.0],""confidence"":0.9994380608241118,""pixel_y"":333.5,""text"":""4.0"",""value"":4.0},{""bbox"":[38.0,394.0,75.0,421.0],""confidence"":0.6277324557304382,""pixel_y"":407.5,""text"":""2.0"",""value"":2.0}]",-0.02669698615259299,12.891134944338852,11.744404663317944,3.8706306735869003,3.827508145533532,3.814132587124396,4.47670052863183,4.792651703912924,3.9269812644699815,4.180987620548054,3.869331528667166,3.8,ok,within_expected_error,0,0,"[{""bbox"":[90.0,492.0,149.0,518.0],""canonical"":""FY17"",""center_x"":119.5,""center_y"":505.0,""confidence"":0.997615396976471,""label"":""FY17"",""normalized"":""fy17"",""scalar"":2017.0,""scalar_family"":""year"",""source"":""full_image_ocr""},{""bbox"":[188.0,492.0,248.0,518.0],""canonical"":""FY19"",""center_x"":218.0,""center_y"":505.0,""confidence"":0.7443287372589111,""label"":""FY1g"",""normalized"":""fy1g"",""scalar"":2019.0,""scalar_family"":""year"",""source"":""full_image_ocr""},{""bbox"":[106.0,529.0,336.0,558.0],""canonical"":null,""center_x"":221.0,""center_y"":543.5,""confidence"":0.8933511374388746,""label"":""Pricelbatch (USD1,000)"",""normalized"":""pricelbatchusd1000"",""scalar"":null,""scalar_family"":null,""source"":""full_image_ocr""},{""bbox"":[287.0,492.0,344.0,518.0],""canonical"":""FY21"",""center_x"":315.5,""center_y"":505.0,""confidence"":0.9938028454780579,""label"":""FY21"",""normalized"":""fy21"",""scalar"":2021.0,""scalar_family"":""year"",""source"":""full_image_ocr""},{""bbox"":[380.0,492.0,451.0,518.0],""canonical"":""FY23F"",""center_x"":415.5,""center_y"":505.0,""confidence"":0.9995827165809967,""label"":""FY23F"",""normalized"":""fy23f"",""scalar"":2023.0,""scalar_family"":""year"",""source"":""full_image_ocr""},{""bbox"":[478.0,492.0,550.0,518.0],""canonical"":""FY25F"",""center_x"":514.0,""center_y"":505.0,""confidence"":0.6984731645069978,""label"":""FY2SF"",""normalized"":""fy2sf"",""scalar"":2025.0,""scalar_family"":""year"",""source"":""full_image_ocr""},{""bbox"":[578.0,492.0,650.0,518.0],""canonical"":""FY27F"",""center_x"":614.0,""center_y"":505.0,""confidence"":0.6458132476330254,""label"":""FY27F"",""normalized"":""fy27f"",""scalar"":2027.0,""scalar_family"":""year"",""source"":""full_image_ocr""},{""bbox"":[678.0,492.0,749.0,518.0],""canonical"":""FY29F"",""center_x"":713.5,""center_y"":505.0,""confidence"":0.9310418999025285,""label"":""FY29F"",""normalized"":""fy29f"",""scalar"":2029.0,""scalar_family"":""year"",""source"":""full_image_ocr""},{""bbox"":[775.0,492.0,848.0,518.0],""canonical"":""FY31F"",""center_x"":811.5,""center_y"":505.0,""confidence"":0.9769070795792294,""label"":""FY31F"",""normalized"":""fy31f"",""scalar"":2031.0,""scalar_family"":""year"",""source"":""full_image_ocr""},{""bbox"":[874.0,492.0,946.0,518.0],""canonical"":""FY33F"",""center_x"":910.0,""center_y"":505.0,""confidence"":0.9992451748586266,""label"":""FY33F"",""normalized"":""fy33f"",""scalar"":2033.0,""scalar_family"":""year"",""source"":""full_image_ocr""}]",phase3_masked_images/phase3_line_0014.png,/data/liu_jun/finmme_reproduction/outputs/cache/phase2c_official_jpeg/1356.jpg,3.8706306735869003,0.07063067358690045,0.006013985009176819,0.07063067358690045,3.827508145533532,0.02750814553353198,0.0023422341380529865,0.02750814553353198,3.814132587124396,0.014132587124396245,0.0012033464044829336,0.014132587124396245
phase3_line_0015,d63df85f351099bf1cc3cc024caa29c19a8260b7fad8c47b88cd9998d4781f83,test,What is the value for 2016?,2016,direct_anchor,2016,direct_anchor,278.5,278.5,369.0,0.0,"[245.38,311.62]",28,"[51.0,58.0,183.0]",32,1,0.0,"[{""inlier_count"":68,""median_residual"":0.22527642188585162,""side"":""all"",""slope"":0.7623617890570764,""target_y"":133.27264023077078,""x_max"":312.0,""x_min"":245.0},{""inlier_count"":34,""median_residual"":0.16389994114393147,""side"":""left"",""slope"":0.7733430137385758,""target_y"":133.47413227086975,""x_max"":278.0,""x_min"":245.0},{""inlier_count"":34,""median_residual"":0.18973468800164994,""side"":""right"",""slope"":0.755484256573809,""target_y"":133.38649634935285,""x_max"":312.0,""x_min"":279.0}]","[278.5,133.4303143101113]","[{""bbox"":[30.0,32.0,105.0,68.0],""confidence"":0.9956986831030956,""pixel_y"":50.0,""text"":""70%"",""value"":70.0},{""bbox"":[30.0,94.0,105.0,132.0],""confidence"":0.9842561424770083,""pixel_y"":113.0,""text"":""68%"",""value"":68.0},{""bbox"":[30.0,158.0,105.0,196.0],""confidence"":0.9918212786615707,""pixel_y"":177.0,""text"":""66%"",""value"":66.0},{""bbox"":[30.0,221.0,105.0,259.0],""confidence"":0.9952489752851779,""pixel_y"":240.0,""text"":""64%"",""value"":64.0},{""bbox"":[30.0,285.0,105.0,323.0],""confidence"":0.994662428821487,""pixel_y"":304.0,""text"":""62%"",""value"":62.0},{""bbox"":[30.0,349.0,105.0,385.0],""confidence"":0.9535921166188617,""pixel_y"":367.0,""text"":""60%"",""value"":60.0},{""bbox"":[30.0,475.0,107.0,513.0],""confidence"":0.7978109942479658,""pixel_y"":494.0,""text"":""56%"",""value"":56.0},{""bbox"":[30.0,539.0,107.0,577.0],""confidence"":0.9583818258733215,""pixel_y"":558.0,""text"":""54%"",""value"":54.0},{""bbox"":[30.0,601.0,107.0,639.0],""confidence"":0.8922667225703622,""pixel_y"":620.0,""text"":""52%"",""value"":52.0}]",-0.03153524277295766,71.57527940281729,20.17782508827696,65.35537296754939,67.38109211401392,67.36752204777588,68.03008998928331,68.34604116456441,67.48037072512146,67.73437708119954,67.46228661693506,67.0,ok,line_fitting,0,0,"[{""bbox"":[92.41886116991581,625.2674490591073,183.5811388300842,722.7325509408927],""canonical"":""2014"",""center_x"":138.0,""center_y"":674.0,""confidence"":0.9676182817159605,""label"":""2014"",""normalized"":""2014"",""scalar"":2014.0,""scalar_family"":""year"",""source"":""full_image_ocr""},{""bbox"":[162.31831801500923,626.307364183225,253.68168198499077,722.692635816775],""canonical"":""2015"",""center_x"":208.0,""center_y"":674.5,""confidence"":0.9999942779541016,""label"":""2015"",""normalized"":""2015"",""scalar"":2015.0,""scalar_family"":""year"",""source"":""full_image_ocr""},{""bbox"":[231.91611386505843,625.3480802419059,325.08388613494157,723.6519197580941],""canonical"":""2016"",""center_x"":278.5,""center_y"":674.5,""confidence"":0.9999954700469971,""label"":""2016"",""normalized"":""2016"",""scalar"":2016.0,""scalar_family"":""year"",""source"":""full_image_ocr""},{""bbox"":[301.98198161801105,626.2885120837345,393.01801838198895,724.7114879162655],""canonical"":""2017"",""center_x"":347.5,""center_y"":675.5,""confidence"":0.9999973177909851,""label"":""2017"",""normalized"":""2017"",""scalar"":2017.0,""scalar_family"":""year"",""source"":""full_image_ocr""},{""bbox"":[371.3183180150092,626.336009327972,464.6816819849908,723.663990672028],""canonical"":""2018"",""center_x"":418.0,""center_y"":675.0,""confidence"":0.9999993443489075,""label"":""2018"",""normalized"":""2018"",""scalar"":2018.0,""scalar_family"":""year"",""source"":""full_image_ocr""},{""bbox"":[427.0,752.0,550.0,790.0],""canonical"":null,""center_x"":488.5,""center_y"":771.0,""confidence"":0.9999364518397867,""label"":""GPM %"",""normalized"":""gpm"",""scalar"":null,""scalar_family"":null,""source"":""full_image_ocr""},{""bbox"":[442.370046583403,626.3183541121548,534.629953416597,723.6816458878452],""canonical"":""2019"",""center_x"":488.5,""center_y"":675.0,""confidence"":0.9999945163726807,""label"":""2019"",""normalized"":""2019"",""scalar"":2019.0,""scalar_family"":""year"",""source"":""full_image_ocr""},{""bbox"":[510.84612552414677,625.3820249345857,605.1538744758532,724.6179750654143],""canonical"":""2020"",""center_x"":558.0,""center_y"":675.0,""confidence"":0.9999929070472717,""label"":""2020"",""normalized"":""2020"",""scalar"":2020.0,""scalar_family"":""year"",""source"":""full_image_ocr""},{""bbox"":[582.0769230769231,628.3576165455737,673.9230769230769,722.6423834544263],""canonical"":""2021"",""center_x"":628.0,""center_y"":675.5,""confidence"":0.999999463558197,""label"":""2021"",""normalized"":""2021"",""scalar"":2021.0,""scalar_family"":""year"",""source"":""full_image_ocr""},{""bbox"":[652.2051046034557,626.3988214999666,746.7948953965443,722.6011785000334],""canonical"":""2022"",""center_x"":699.5,""center_y"":674.5,""confidence"":0.9999990463256836,""label"":""2022"",""normalized"":""2022"",""scalar"":2022.0,""scalar_family"":""year"",""source"":""full_image_ocr""},{""bbox"":[708.7581232486615,627.448167612687,812.2418767513385,735.551832387313],""canonical"":""2023F"",""center_x"":760.5,""center_y"":681.5,""confidence"":0.9995871416950785,""label"":""2023F"",""normalized"":""2023f"",""scalar"":2023.0,""scalar_family"":""year"",""source"":""full_image_ocr""},{""bbox"":[778.7581232486615,627.4655801551139,883.2418767513385,735.5344198448861],""canonical"":""2024F"",""center_x"":831.0,""center_y"":681.5,""confidence"":0.8842703877264461,""label"":""2024F"",""normalized"":""2024f"",""scalar"":2024.0,""scalar_family"":""year"",""source"":""full_image_ocr""},{""bbox"":[845.5097478983938,623.5215263192807,954.4902521016062,737.4784736807193],""canonical"":""2025F"",""center_x"":900.0,""center_y"":680.5,""confidence"":0.6023194393214676,""label"":""2025F"",""normalized"":""2025f"",""scalar"":2025.0,""scalar_family"":""year"",""source"":""full_image_ocr""}]",phase3_masked_images/phase3_line_0015.png,/data/liu_jun/finmme_reproduction/outputs/cache/phase2c_official_jpeg/1023.jpg,65.35537296754939,1.6446270324506145,0.08150665521459595,-1.6446270324506145,67.38109211401392,0.3810921140139243,0.01888667942886142,0.3810921140139243,67.36752204777588,0.3675220477758785,0.01821415569656235,0.3675220477758785
phase3_line_0016,d63df85f351099bf1cc3cc024caa29c19a8260b7fad8c47b88cd9998d4781f83,test,What is the value for 2022?,2022,direct_anchor,2022,direct_anchor,699.5,699.5,649.0,0.0,"[670.22,728.78]",28,"[51.0,58.0,183.0]",32,1,0.0,"[{""inlier_count"":59,""median_residual"":0.37307041947103414,""side"":""all"",""slope"":1.508323417875694,""target_y"":247.99345743078868,""x_max"":729.0,""x_min"":670.0},{""inlier_count"":30,""median_residual"":0.3321518074324956,""side"":""left"",""slope"":1.5074212269567706,""target_y"":248.01432414300552,""x_max"":699.0,""x_min"":670.0},{""inlier_count"":29,""median_residual"":0.46652783181160373,""side"":""right"",""slope"":1.5334721681884016,""target_y"":247.6593166657546,""x_max"":729.0,""x_min"":700.0}]","[699.5,247.83682040438006]","[{""bbox"":[30.0,32.0,105.0,68.0],""confidence"":0.9956986831030956,""pixel_y"":50.0,""text"":""70%"",""value"":70.0},{""bbox"":[30.0,94.0,105.0,132.0],""confidence"":0.9842561424770083,""pixel_y"":113.0,""text"":""68%"",""value"":68.0},{""bbox"":[30.0,158.0,105.0,196.0],""confidence"":0.9918212786615707,""pixel_y"":177.0,""text"":""66%"",""value"":66.0},{""bbox"":[30.0,221.0,105.0,259.0],""confidence"":0.9952489752851779,""pixel_y"":240.0,""text"":""64%"",""value"":64.0},{""bbox"":[30.0,285.0,105.0,323.0],""confidence"":0.994662428821487,""pixel_y"":304.0,""text"":""62%"",""value"":62.0},{""bbox"":[30.0,349.0,105.0,385.0],""confidence"":0.9535921166188617,""pixel_y"":367.0,""text"":""60%"",""value"":60.0},{""bbox"":[30.0,475.0,107.0,513.0],""confidence"":0.7978109942479658,""pixel_y"":494.0,""text"":""56%"",""value"":56.0},{""bbox"":[30.0,539.0,107.0,577.0],""confidence"":0.9583818258733215,""pixel_y"":558.0,""text"":""54%"",""value"":54.0},{""bbox"":[30.0,601.0,107.0,639.0],""confidence"":0.8922667225703622,""pixel_y"":620.0,""text"":""52%"",""value"":52.0}]",-0.03153524277295766,71.57527940281729,20.17782508827696,65.51637299488245,63.73877157373731,63.759685103287254,64.42225304479469,64.73820422007579,63.872533780632835,64.12654013671091,63.85453023572391,64.0,ok,within_expected_error,0,0,"[{""bbox"":[92.41886116991581,625.2674490591073,183.5811388300842,722.7325509408927],""canonical"":""2014"",""center_x"":138.0,""center_y"":674.0,""confidence"":0.9676182817159605,""label"":""2014"",""normalized"":""2014"",""scalar"":2014.0,""scalar_family"":""year"",""source"":""full_image_ocr""},{""bbox"":[162.31831801500923,626.307364183225,253.68168198499077,722.692635816775],""canonical"":""2015"",""center_x"":208.0,""center_y"":674.5,""confidence"":0.9999942779541016,""label"":""2015"",""normalized"":""2015"",""scalar"":2015.0,""scalar_family"":""year"",""source"":""full_image_ocr""},{""bbox"":[231.91611386505843,625.3480802419059,325.08388613494157,723.6519197580941],""canonical"":""2016"",""center_x"":278.5,""center_y"":674.5,""confidence"":0.9999954700469971,""label"":""2016"",""normalized"":""2016"",""scalar"":2016.0,""scalar_family"":""year"",""source"":""full_image_ocr""},{""bbox"":[301.98198161801105,626.2885120837345,393.01801838198895,724.7114879162655],""canonical"":""2017"",""center_x"":347.5,""center_y"":675.5,""confidence"":0.9999973177909851,""label"":""2017"",""normalized"":""2017"",""scalar"":2017.0,""scalar_family"":""year"",""source"":""full_image_ocr""},{""bbox"":[371.3183180150092,626.336009327972,464.6816819849908,723.663990672028],""canonical"":""2018"",""center_x"":418.0,""center_y"":675.0,""confidence"":0.9999993443489075,""label"":""2018"",""normalized"":""2018"",""scalar"":2018.0,""scalar_family"":""year"",""source"":""full_image_ocr""},{""bbox"":[427.0,752.0,550.0,790.0],""canonical"":null,""center_x"":488.5,""center_y"":771.0,""confidence"":0.9999364518397867,""label"":""GPM %"",""normalized"":""gpm"",""scalar"":null,""scalar_family"":null,""source"":""full_image_ocr""},{""bbox"":[442.370046583403,626.3183541121548,534.629953416597,723.6816458878452],""canonical"":""2019"",""center_x"":488.5,""center_y"":675.0,""confidence"":0.9999945163726807,""label"":""2019"",""normalized"":""2019"",""scalar"":2019.0,""scalar_family"":""year"",""source"":""full_image_ocr""},{""bbox"":[510.84612552414677,625.3820249345857,605.1538744758532,724.6179750654143],""canonical"":""2020"",""center_x"":558.0,""center_y"":675.0,""confidence"":0.9999929070472717,""label"":""2020"",""normalized"":""2020"",""scalar"":2020.0,""scalar_family"":""year"",""source"":""full_image_ocr""},{""bbox"":[582.0769230769231,628.3576165455737,673.9230769230769,722.6423834544263],""canonical"":""2021"",""center_x"":628.0,""center_y"":675.5,""confidence"":0.999999463558197,""label"":""2021"",""normalized"":""2021"",""scalar"":2021.0,""scalar_family"":""year"",""source"":""full_image_ocr""},{""bbox"":[652.2051046034557,626.3988214999666,746.7948953965443,722.6011785000334],""canonical"":""2022"",""center_x"":699.5,""center_y"":674.5,""confidence"":0.9999990463256836,""label"":""2022"",""normalized"":""2022"",""scalar"":2022.0,""scalar_family"":""year"",""source"":""full_image_ocr""},{""bbox"":[708.7581232486615,627.448167612687,812.2418767513385,735.551832387313],""canonical"":""2023F"",""center_x"":760.5,""center_y"":681.5,""confidence"":0.9995871416950785,""label"":""2023F"",""normalized"":""2023f"",""scalar"":2023.0,""scalar_family"":""year"",""source"":""full_image_ocr""},{""bbox"":[778.7581232486615,627.4655801551139,883.2418767513385,735.5344198448861],""canonical"":""2024F"",""center_x"":831.0,""center_y"":681.5,""confidence"":0.8842703877264461,""label"":""2024F"",""normalized"":""2024f"",""scalar"":2024.0,""scalar_family"":""year"",""source"":""full_image_ocr""},{""bbox"":[845.5097478983938,623.5215263192807,954.4902521016062,737.4784736807193],""canonical"":""2025F"",""center_x"":900.0,""center_y"":680.5,""confidence"":0.6023194393214676,""label"":""2025F"",""normalized"":""2025f"",""scalar"":2025.0,""scalar_family"":""year"",""source"":""full_image_ocr""}]",phase3_masked_images/phase3_line_0016.png,/data/liu_jun/finmme_reproduction/outputs/cache/phase2c_official_jpeg/1023.jpg,65.51637299488245,1.5163729948824454,0.07515046781545535,1.5163729948824454,63.73877157373731,0.26122842626269005,0.012946312356253905,-0.26122842626269005,63.759685103287254,0.24031489671274642,0.011909851317541952,-0.24031489671274642
phase3_line_0017,f67e4ec462a67537ded3224f596a1db3d5f2df8ed0536a7ae0ba43cad1cdf115,train,What is the value for Oct-23?,Oct-23,direct_anchor,Oct-23,direct_anchor,869.0,869.0,899.5,0.0,"[847.64,890.36]",19,"[52.0,58.0,183.0]",21,10,0.0,"[{""inlier_count"":41,""median_residual"":3.564144764625837,""side"":""all"",""slope"":0.13187368688770215,""target_y"":343.9541657744226,""x_max"":891.0,""x_min"":847.0},{""inlier_count"":22,""median_residual"":0.6763732554364879,""side"":""left"",""slope"":0.8290702280074361,""target_y"":351.9306099366676,""x_max"":869.0,""x_min"":847.0},{""inlier_count"":19,""median_residual"":0.8162769810778059,""side"":""right"",""slope"":-0.4546120983857666,""target_y"":348.95317376816394,""x_max"":891.0,""x_min"":869.0}]","[869.0,350.4418918524158]","[{""bbox"":[40.0,107.0,113.0,145.0],""confidence"":0.9999500513076782,""pixel_y"":126.0,""text"":""36.0"",""value"":36.0},{""bbox"":[40.0,179.0,113.0,217.0],""confidence"":0.9999361634254456,""pixel_y"":198.0,""text"":""35.0"",""value"":35.0},{""bbox"":[40.0,253.0,115.0,291.0],""confidence"":0.9999771118164062,""pixel_y"":272.0,""text"":""34.0"",""value"":34.0},{""bbox"":[40.0,326.0,113.0,364.0],""confidence"":0.9999876618385315,""pixel_y"":345.0,""text"":""33.0"",""value"":33.0},{""bbox"":[40.0,400.0,113.0,438.0],""confidence"":0.9999439716339111,""pixel_y"":419.0,""text"":""32.0"",""value"":32.0},{""bbox"":[40.0,473.0,113.0,510.0],""confidence"":0.6404344839154125,""pixel_y"":491.5,""text"":""31.0"",""value"":31.0},{""bbox"":[40.0,545.0,115.0,583.0],""confidence"":0.9999902844429016,""pixel_y"":564.0,""text"":""30.0"",""value"":30.0},{""bbox"":[40.0,619.0,113.0,655.0],""confidence"":0.5601485998650365,""pixel_y"":637.0,""text"":""29.0"",""value"":29.0},{""bbox"":[40.0,691.0,113.0,729.0],""confidence"":0.7965271705468503,""pixel_y"":710.0,""text"":""28.0"",""value"":28.0}]",-0.013687606231041479,37.72217982714374,9.092676819280854,33.45539016769656,32.94520525251026,32.92546920460665,33.58803714611408,33.903988321395175,33.03831788195224,33.292324238030304,32.968222192919676,33.0,ok,within_expected_error,1,0,"[{""bbox"":[123.0,726.0,166.0,829.0],""canonical"":""Feb-21"",""center_x"":144.5,""center_y"":777.5,""confidence"":0.9997669276865339,""label"":""Feb-21"",""normalized"":""feb21"",""scalar"":2021.0833333333333,""scalar_family"":""month"",""source"":""rotated_x_band_ocr""},{""bbox"":[166.0,725.0,218.0,826.0],""canonical"":""Apr-21"",""center_x"":192.0,""center_y"":775.5,""confidence"":0.9997782190050882,""label"":""Apr-21"",""normalized"":""apr21"",""scalar"":2021.25,""scalar_family"":""month"",""source"":""rotated_x_band_ocr""},{""bbox"":[213.0,726.0,256.0,826.0],""canonical"":""Jun-21"",""center_x"":234.5,""center_y"":776.0,""confidence"":0.6722327654831514,""label"":""Jun-21"",""normalized"":""jun21"",""scalar"":2021.4166666666667,""scalar_family"":""month"",""source"":""rotated_x_band_ocr""},{""bbox"":[257.0,725.0,308.0,832.0],""canonical"":""Aug-21"",""center_x"":282.5,""center_y"":778.5,""confidence"":0.625700298087209,""label"":""Aug-21"",""normalized"":""aug21"",""scalar"":2021.5833333333333,""scalar_family"":""month"",""source"":""rotated_x_band_ocr""},{""bbox"":[303.0,724.0,347.0,826.0],""canonical"":""Oct-21"",""center_x"":325.0,""center_y"":775.0,""confidence"":0.9999707997109842,""label"":""Oct-21"",""normalized"":""oct21"",""scalar"":2021.75,""scalar_family"":""month"",""source"":""rotated_x_band_ocr""},{""bbox"":[349.0,726.0,390.0,831.0],""canonical"":""Dec-21"",""center_x"":369.5,""center_y"":778.5,""confidence"":0.9572669231068589,""label"":""Dec-21"",""normalized"":""dec21"",""scalar"":2021.9166666666667,""scalar_family"":""month"",""source"":""rotated_x_band_ocr""},{""bbox"":[395.0,723.0,438.0,828.0],""canonical"":""Feb-22"",""center_x"":416.5,""center_y"":775.5,""confidence"":0.9999341712041315,""label"":""Feb-22"",""normalized"":""feb22"",""scalar"":2022.0833333333333,""scalar_family"":""month"",""source"":""rotated_x_band_ocr""},{""bbox"":[438.0,722.0,490.0,826.0],""canonical"":""Apr-22"",""center_x"":464.0,""center_y"":774.0,""confidence"":0.9996777641987729,""label"":""Apr-22"",""normalized"":""apr22"",""scalar"":2022.25,""scalar_family"":""month"",""source"":""rotated_x_band_ocr""},{""bbox"":[485.0,721.0,528.0,826.0],""canonical"":""Jun-22"",""center_x"":506.5,""center_y"":773.5,""confidence"":0.9999850592093947,""label"":""Jun-22"",""normalized"":""jun22"",""scalar"":2022.4166666666667,""scalar_family"":""month"",""source"":""rotated_x_band_ocr""},{""bbox"":[529.0,720.0,580.0,832.0],""canonical"":""Aug-22"",""center_x"":554.5,""center_y"":776.0,""confidence"":0.9999618935846967,""label"":""Aug-22"",""normalized"":""aug22"",""scalar"":2022.5833333333333,""scalar_family"":""month"",""source"":""rotated_x_band_ocr""},{""bbox"":[575.0,721.0,619.0,826.0],""canonical"":""Oct-22"",""center_x"":597.0,""center_y"":773.5,""confidence"":0.9999758124408902,""label"":""Oct-22"",""normalized"":""oct22"",""scalar"":2022.75,""scalar_family"":""month"",""source"":""rotated_x_band_ocr""},{""bbox"":[619.0,721.0,664.0,831.0],""canonical"":""Dec-22"",""center_x"":641.5,""center_y"":776.0,""confidence"":0.9266802851069446,""label"":""Dec-22"",""normalized"":""dec22"",""scalar"":2022.9166666666667,""scalar_family"":""month"",""source"":""rotated_x_band_ocr""},{""bbox"":[666.0,723.0,710.0,829.0],""canonical"":""Feb-23"",""center_x"":688.0,""center_y"":776.0,""confidence"":0.9893456390024985,""label"":""Feb-23"",""normalized"":""feb23"",""scalar"":2023.0833333333333,""scalar_family"":""month"",""source"":""rotated_x_band_ocr""},{""bbox"":[710.0,722.0,762.0,826.0],""canonical"":""Apr-23"",""center_x"":736.0,""center_y"":774.0,""confidence"":0.9998805696069253,""label"":""Apr-23"",""normalized"":""apr23"",""scalar"":2023.25,""scalar_family"":""month"",""source"":""rotated_x_band_ocr""},{""bbox"":[755.0,721.0,800.0,826.0],""canonical"":""Jun-23"",""center_x"":777.5,""center_y"":773.5,""confidence"":0.9999940139563674,""label"":""Jun-23"",""normalized"":""jun23"",""scalar"":2023.4166666666667,""scalar_family"":""month"",""source"":""rotated_x_band_ocr""},{""bbox"":[799.0,720.0,850.0,832.0],""canonical"":""Aug-23"",""center_x"":824.5,""center_y"":776.0,""confidence"":0.8707384554740843,""label"":""Aug-23"",""normalized"":""aug23"",""scalar"":2023.5833333333333,""scalar_family"":""month"",""source"":""rotated_x_band_ocr""},{""bbox"":[847.0,721.0,891.0,826.0],""canonical"":""Oct-23"",""center_x"":869.0,""center_y"":773.5,""confidence"":0.9999787811423466,""label"":""Oct-23"",""normalized"":""oct23"",""scalar"":2023.75,""scalar_family"":""month"",""source"":""rotated_x_band_ocr""},{""bbox"":[891.0,721.0,936.0,831.0],""canonical"":""Dec-23"",""center_x"":913.5,""center_y"":776.0,""confidence"":0.9267435025997183,""label"":""Dec-23"",""normalized"":""dec23"",""scalar"":2023.9166666666667,""scalar_family"":""month"",""source"":""rotated_x_band_ocr""},{""bbox"":[938.0,723.0,982.0,829.0],""canonical"":""Feb-24"",""center_x"":960.0,""center_y"":776.0,""confidence"":0.9857349267143447,""label"":""Feb-24"",""normalized"":""feb24"",""scalar"":2024.0833333333333,""scalar_family"":""month"",""source"":""rotated_x_band_ocr""}]",phase3_masked_images/phase3_line_0017.png,/data/liu_jun/finmme_reproduction/outputs/cache/phase2c_official_jpeg/4292.jpg,33.45539016769656,0.4553901676965566,0.05008317976626093,0.4553901676965566,32.94520525251026,0.054794747489737006,0.006026250418748608,-0.054794747489737006,32.92546920460665,0.0745307953933505,0.008196793625757084,-0.0745307953933505
