sample_id,chart_id,caption,question,decision,reason,operation,targets
7867,00b97dddebcd44605a04cc754255ca9aba81aabfe0f21869322713fc7112d6e7,MarFA™ Macro – EU Real Estate vs Japan Real Estate,What was the value of the MarFA™ Macro line on March 23?,reject,question_not_simple_point_reading,,
10112,00c6e0c4b505c252e20ea76af8c8c305f4f2e2026009ffc70f250f635e35c585,"Globetronics stock price and target price changes over time, as of 26-Feb-2024",Calculate the average closing price between 2022/01/01 and 2022/07/01.,reject,question_not_simple_point_reading,,
5062,030acb0bce0efa77402386e5a22a66cd169206c91cc7dedcc339577aaab636ef,Figure 11: ARA Hub Gasoil Inventory Trends (2019-2024),Calculate the average inventory level for the first quarter of 2023.,reject,question_not_simple_point_reading,,
3576,046f9bd0ab2e3f98aae184198b6c47a92612e4a3c91a01a9d07984dfab12431a,CIMB Group stock price history with target and recommendation changes,What is the difference in closing price between 2021/07/01 and 2024/01/01?,reject,question_not_simple_point_reading,,
11057,046f9bd0ab2e3f98aae184198b6c47a92612e4a3c91a01a9d07984dfab12431a,CIMB Group stock price history with target and recommendation changes,What is the difference in closing price between 2021/07/01 and 2024/01/01?,reject,question_not_simple_point_reading,,
3249,06581401d0f1a8f963340f39df632633f0cd18481b508642d876166f11f0886e,"Closing price, target price changes, and recommendation changes for Tigermed",Estimate the average annual closing price for 2023 based on the data available from the chart.,reject,question_not_simple_point_reading,,
4257,06f8618a708f2403d8aee54ec84e1a0a1779269fe3cb3fb84d3f287e02b4b1dc,12M Forward Enterprise Value/EBITDA - TELE2 B,What is the difference in the 12M Forward Enterprise Value/EBITDA ratio between January and December 2023?,reject,question_not_simple_point_reading,,
6519,08201997e35db56cd3c18b12ea82c77f96f37b0d21748d25c9851ef0adc4c3f0,Historical stock performance of IOI Corporation with target price and recommendation changes,Calculate the average closing price of IOI Corporation over the first six months of 2022.,reject,question_not_simple_point_reading,,
2883,08dbc2ab54fd1f46cb9c766d12711e3d280bd71fefc535b75b5702befe47d875,"China Resources Beer Holdings (As of 29-Feb-2024, Currency = HKD)",How much did the closing price decrease from 2021/07/01 to 2023/01/01?,reject,question_not_simple_point_reading,,
1804,0a3485529e9f07781de803bc38cdfcf77d0aafb8715682520bd4fd4d0a2a38d9,"Shree Cement (SRCM IN) - Closing Price, Target Price Change, and Recommendation Changes (As of 20-Feb-2024)",What is the percentage change in closing price from 2021/07/01 to 2024/01/01?,reject,question_not_simple_point_reading,,
7526,0bfa62b72798def403d163fd4a78bab9272b46b3b6c326f8275ac1e534ac5375,"India's palm oil imports in metric tons, Jan-20 to Jul-23, with average consumption level indicated.",What is the approximate difference in metric tons between the highest and lowest monthly imports?,reject,question_not_simple_point_reading,,
3119,0cdaa2822549c1e0f5670cafc5107a8464f9b773324665099865a39ccc91d18d,P/E band,What is the percentage change in the P/E ratio for CEAT from 2022 to 2023?,reject,reference_band_not_simple_single_line,,
2929,0cdc14a51aac9819f6fa385a7db3ad6beaa6a74cd77cf9da4dbe20727e01427e,Dalmia Bharat Stock Performance with Rating and Target Price Changes,What was the closing price on 2022/01/01?,reject,question_not_simple_point_reading,,
9426,0d2581932bb446b82b218a87f2f235e9784d41b3cafc324856f40991a8f9f4bd,"Kumho Petrochemical stock price, target price changes, and recommendation changes over time.",What is the difference in stock price between 2022/07/01 and 2023/01/01?,reject,question_not_simple_point_reading,,
8965,0d32dee4bdf06c3ff80c961f739ff3668b659c347094b271aba6027acd343f97,Fig. 5: MarFA™ Macro - US Expanded Tech-Software vs S&P500,What was the approximate percentage difference between US Expanded Tech-Software and S&P500 in 2023?,reject,question_not_simple_point_reading,,
4820,0ec53abf151fc439973b2221e4d82071270cb3fe986a03bb47a856225bb42735,PBK – Gross loan growth,What is the total Gross loans y-y% change from 1Q15 to 3Q23?,reject,question_not_simple_point_reading,,
2118,0f936e3e0c67b208d98de8646d79d03dda415475cffab1705dd1230ea2e32731,"Historical price, target changes, and recommendations for Tenaga Nasional",Calculate the price change in Tenaga Nasional's stock from 2023/01/01 to 2023/07/01 based on the chart.,reject,question_not_simple_point_reading,,
9898,12064b49a44001e06e2b7cb0f3501e2c51e0bfac708aeb2b2a5e91241efec775,US Geopolitical Risk Index Trends (1985-2022),What was the approximate increase in the US Geopolitical Risk Index between 2001 and 2008?,reject,possible_bar_or_bar_line_combination,,
1831,13a7efc6040e165ac3fc993aecc8b01ed560fa723877d9b9bee7382998522cbd,Singapore Airlines Stock Price and Target Price Changes Over Time,What is the average stock price over the entire period from 2021/07 to 2024/01?,reject,question_not_simple_point_reading,,
4573,13dd35fb33373a8864dcfe969b74c6e7a0b68a8dbaa3bd7b3b90db13d1c4a0ee,Stock rating and target price history for ViTrox Corp as of 22-Feb-2024,What was the closing price difference between 2021/07/01 and 2024/01/01?,reject,question_not_simple_point_reading,,
6968,146a39b6ef7cc963d4f3f3d4f2e72596f2bfc6fe09a3001d12c6f7d04e91e675,Fig. 87: China EV Retail Sales by Vehicle Size Classification,Determine the range of percentage fluctuation for the ≥300k category during the observed period.,reject,question_not_simple_point_reading,,
6481,15ce66634450081e916e17808d78d29659c785b335456653ac023cb64f857f9d,"Infosys as of 13-Mar-2024: Closing Price, Target Price Change, and Recommendation Changes",What is the percentage change in closing price from 2021/07/01 to 2024/01/01?,reject,question_not_simple_point_reading,,
5317,15d0268fcacac07398fadde10c808bb56bb6f7bd981cb8fd8eaf0af2342fd509,Fig. 4: Four-year volume CAGR trends,What is the average 4-year volume CAGR for the periods in 2022?,reject,question_not_simple_point_reading,,
8951,175572fe022f5152792b04c94a0b8762531fd609340914869ec47f3a768d330c,"Telekom Malaysia stock performance with closing price, target price changes, and recommendation changes annotated",What is the change in closing price from 2022/01/01 to 2024/01/01?,reject,question_not_simple_point_reading,,
8358,190243de7fd19b1fe5c9106f7215ee8cad8e5d797d716efca0cd075b42bf243f,"SM Entertainment three-year closing price, target price changes, and recommendation changes as of 12-Feb-2024",What was the approximate change in the closing price of SM Entertainment stock between 2023-07-01 and 2024-01-01?,reject,question_not_simple_point_reading,,
5780,1909b879072c42d77c97061620fa9be27ca7acdb84c971def442c5fce13595f0,Historical closing price and target price changes for CelcomDigi (CDB MK) as of 20-Feb-2024,Calculate the approximate percentage change in CelcomDigi's closing price from 01-Jan-2021 to 20-Feb-2024.,reject,question_not_simple_point_reading,,
2884,1937ee9cb2c45976e857d7c9d71c29aede77f799fd5311525ac0426ffaa66df1,"Tencent Holdings: Closing price, target price changes, and recommendation changes over time as of January 18, 2024, in HKD",Estimate the difference in closing price between the peak in 2021 and the trough in 2023.,reject,question_not_simple_point_reading,,
2168,1a07d6768ce43cafb7d41d68bba02fffbcba7ba6196473d8a0ec4f08a18cd606,Fig. 15: P/E band of Bharat Forge,What is the difference in P/E between August 2021 and February 2022?,reject,reference_band_not_simple_single_line,,
7541,1a2d67825b3a2950a645283aa13394230c19a4bd484365b9d3f9d1ed35a4181d,EV/EBITDA Trend Analysis,Estimate the difference in EV/EBITDA multiples between the highest and lowest points on the chart.,reject,question_not_simple_point_reading,,
6585,1b908cc13e6cb0bac52b9b292ed4ab90e899831f02ce00b9e141227f76746893,"Figure 3: Quarterly PC segment sales of Intel, AMD, and Nvidia from March 2014 to December 2023",Estimate Nvidia's average quarterly sales for the year 2022 in million USD.,reject,question_not_simple_point_reading,,
7955,1e57ebd8531ae6565b70dcc36b769281fb58caa1f89e5453844bccf540531003,Fig. 5: Institutional sales (INR mn) with 4-period moving average,What is the percentage decrease in institutional sales from its peak to 3QFY24?,reject,question_not_simple_point_reading,,
1644,208cb81ec66e7a2ea5b2fb62d10baab51ab080d4259699e64c5facff7b926fdf,"Historical price, target price changes, and recommendations for Mahanagar Gas as of 24-Jan-2024",What was the percentage change in the closing price of Mahanagar Gas from 2021/07 to 2024/01?,reject,question_not_simple_point_reading,,
7546,20abec205aa7e9cdb50b1e5ad0cf17066bf159010829d8c492f80b4e59b738ac,"Fig. 24: MAY – net credit charge (basis points, annualized)",What is the average net credit charge for 2020?,reject,question_not_simple_point_reading,,
7208,22bcad85ddabb26217b7b7963328ab55a9b0d97a9624113982696ac7be1970fe,Eureka Forbes stock performance and ratings changes as of 15-Feb-2024,What is the percentage increase from January 2022 closing price to the target price set later?,reject,question_not_simple_point_reading,,
10255,22eac641975b302445fc3b09abf51970be1e3ea1f2163ac3bb4c0cc96cc76b3f,Fig. 87: Monthly China EV Retail Sales by Size,Determine the total percentage change in the market share of category A00 from June 2021 to December 2023.,reject,question_not_simple_point_reading,,
4857,2335ec6b5ba0e37079b0c6e067035f366d49abb469f9a425cb1314ce15133e47,"Closing price, target price changes, and recommendation changes of Wuxi Apptec in HKD from July 2021 to March 2024",What was the percentage change in the closing price from 2021/07/01 to 2024/01/01?,reject,question_not_simple_point_reading,,
6057,2375b4db38fa4ea10733972fc5726bb666deabbd79cc25a30da12cdaf55a5356,Crane MMF Average Weighted Average Maturity (WAM),Calculate the average Axis WAM for the time period between 12 and 15.,reject,question_not_simple_point_reading,,
10615,24a5462d7b305ea626ff18064d0fbc8723596719fb7c8976a1e563a0499b8918,China - palm oil imports declined in 4Q23,What is the difference between the peak value in Jul-23 and the average value?,reject,question_not_simple_point_reading,,
10696,251f390ac4b0b2461915e04ea58ee2c790806a44867f59862726ace9a643731e,"Stock price, target price changes, and recommendation changes for Classys from July 2021 to February 2024.","Calculate the percentage change from the lowest closing price shown around January 2022 to the closing price on February 21, 2024.",reject,question_not_simple_point_reading,,
8342,2557a5faa51348fa0f8c4f625ecf09c98b1b83ca8e9e38907943bd96c7e8dfc1,"AfreecaTV closing price, target price, and recommendation changes as of 22-Feb-2024",Calculate the target price difference between 2022/01/01 and 2022/07/01.,reject,question_not_simple_point_reading,,
2590,263a8bc9a5dede540e38578b82f355d9473ba4ff15c5d0f8b4d160d018e05cd7,Figure 164: Distribution of China's EV Retail Sales by Vehicle Size,What was the approximate percentage increase in market share for vehicles priced ≥300k from April 2022 to February 2023?,reject,question_not_simple_point_reading,,
10634,27d9a2cf315c8bb33b5f92b00071e61dff4949e8d13f5858f6f6bbf021b993fa,Historical Price Chart for ASM Pacific Technology as of 27-Feb-2024,What is the total price change from 2021/07/01 to 2024/01/01?,reject,question_not_simple_point_reading,,
4763,27e72fd9d38760dbb9f8cc069f4c70a3f1dc80b7254e96ae0141523330b5a358,P/E band from Jan-16 to Jan-24,What was the PE value in July 2020?,reject,reference_band_not_simple_single_line,,
10534,27e72fd9d38760dbb9f8cc069f4c70a3f1dc80b7254e96ae0141523330b5a358,P/E band from Jan-16 to Jan-24,What was the PE value in July 2022?,reject,reference_band_not_simple_single_line,,
1725,27f5f680f5b1b8b44f544fc143d1656c7a6277a11c876641365f873bdf938d7a,PICC P&C stock performance with target price and recommendation changes,What is the approximate increase in the closing price from 2021/07/01 to 2024/01/01?,reject,question_not_simple_point_reading,,
1115,2a7cd9a5afe9a7b78584d4e9957a5d04692d52565db748eca01f2cf0e54a6e6d,"Historical performance chart for JD Health's closing price, target price changes, and recommendation changes.",Calculate the average closing price from July 2021 to January 2023 based on the chart.,reject,question_not_simple_point_reading,,
8493,2b6e12727984364e64bba1bbae5302f0bca5ab68a30615b9b451aea975b27cb4,PE Ratio over Time with Average and Standard Deviation Bands,Calculate the average PE ratio over the period from February 2017 to February 2023.,reject,question_not_simple_point_reading,,
10764,2e21f8411e23132765ab9d1011c31551834b8d0f363729dd9aa8391bf1835ff2,"Trip.com Stock Prices, Target Price Changes, and Recommendation Changes (13-Mar-2024)",What is the total price increase of Trip.com from 2021/07/01 to 2024/01/01?,reject,question_not_simple_point_reading,,
4152,2e28ea4c77a8caeffc969dac1ec8e1c4a9975814fc630eac734c04cc1a6e3add,"Closing price, target price changes, and recommendation changes of Genting Bhd from 2021 to 2024.",What was the stock price change between 2021/07/01 and 2023/01/01?,reject,question_not_simple_point_reading,,
11028,2fc8454c1fe540146b255f7a68c55a2dea2c4b95abc55d7b72ead7eb587de192,Fig. 38: Sector-wise consumption of gas,Calculate the increase in total gas consumption from August 2022 to November 2022.,reject,question_not_simple_point_reading,,
7383,3035c0ebaf1987fb1eb606be1f307f5970c9d9109f9dea52bf4fc7b205de4eaa,"Closing Price, Target Price Change, and Recommendation Changes for iQIYI Inc. (As of 27-Feb-2024, Currency = USD)",What was the percentage change in closing price from 2021/07/01 to 2024/01/01?,reject,question_not_simple_point_reading,,
9209,3035c0ebaf1987fb1eb606be1f307f5970c9d9109f9dea52bf4fc7b205de4eaa,"Closing Price, Target Price Change, and Recommendation Changes for iQIYI Inc. (As of 27-Feb-2024, Currency = USD)",What was the closing price of iQIYI Inc. on 2024/01/01?,reject,question_not_simple_point_reading,,
6993,3080264238e3930456116440297b994711b065536c54d3d478f41bc4093769d5,"Singapore Technologies Engineering: Price, Target Price Changes, and Recommendations Over Time",Calculate the difference in the closing price between 2021/07/01 and 2024/01/01.,reject,question_not_simple_point_reading,,
4180,3086233958a661621f6d91aa1344fa9aba6851e381b20b2951eb0bffe2f1f10c,Stock rating and target price evolution of TIME dotCom Bhd (TDC MK) as of 29-Feb-2024,By how much did the closing price increase from 2021 to 2024?,accept,exploratory_annotated,difference,2021 | 2024
10098,31119186ce1d1b31ab14472b453587b9fbde530a66d1a0f70f259db195feb94f,"Closing price, target price changes, and recommendation changes for LiAuto Inc. over a three-year period.",What is the average closing price for LiAuto Inc. between 2022/01/01 and 2023/01/01?,reject,question_not_simple_point_reading,,
10659,316ad42648b9f4c2afb82e57f6679e9c7bcd6ed52cf60a8ed465a48fbe6c56a4,"Figure 34: Comparison of United Rentals and Ashtead Group Share Price Performance, Rebased to 100",What is the approximate share price of United Rentals in early 2024 (based on the chart)?,reject,target_is_interval_or_boundary_not_point,,
1573,316baa2b9f8230f51f337a448e8560f617c37db925897fd067d41f1203d446d3,Malaysia - CPO monthly production,What is the average production level in the first quarter of 2023?,reject,question_not_simple_point_reading,,
7764,316baa2b9f8230f51f337a448e8560f617c37db925897fd067d41f1203d446d3,Malaysia - CPO monthly production,What is the difference in CPO production between Jul-23 and Jan-24?,reject,possible_bar_or_bar_line_combination,,
2724,31d567ef592511119f4873cba0d38083185eff51af65331154244078cc03e581,"As of 20-Feb-2024, relevant data for The Ramco Cement.",What is the average closing price from July 2021 to January 2024?,reject,question_not_simple_point_reading,,
8826,33d24d5084163a71d96f8a8a041e7490b618ee77ed4f8895a8b0d2303e16077b,RoW sales (INR mn) across different financial years,What is the total sales of ROW (Cenexi) in FY23 (sum of all four quarters)?,reject,question_not_simple_point_reading,,
7166,35177d72213c11522774d7596c4ea59583714d4eb6dea6f9c1c7d0b8ec0b6b6a,Hyundai Motor 3-Year Rating and Target Price Chart,"Using the chart, estimate the average closing price in the year 2022.",reject,question_not_simple_point_reading,,
7139,37cc988cc47f0db4ce9842eab5382b77d23182cda6bd8beb83f8251191e69a3e,"Change in wealth inequality, measured by Gini Index, 2000 to 2022 (%), by country",What is the total increase in Gini Index for all the countries with a positive change greater than 2%?,reject,question_not_simple_point_reading,,
6888,392c236644ef50cd248d2917ce6f2866af9da8b5a97c2607d14591ae8ac1daba,JD Logistics Closing Price and Target Price Changes from July 2021 to March 2024,Estimate the average annual decline in closing price from mid-2021 to March 2024.,reject,question_not_simple_point_reading,,
2068,39ce5770bb7958dca2865ebe2a3537d0f4bd6d643df11396f194b1edfb5f171d,Fig. 7: BH production capacity's regional breakdown (DS km2/month),What was the total production capacity in 2023 (in DS km2/month)?,reject,question_not_simple_point_reading,,
3475,3a7b55d7becb394604d1e413b02ef12397c9655734855a74cff8dc82fae41e6e,Figure 11: Year-over-year percentage growth comparison between Ipca and IPM from FY16 to CY23,Find the average of IPM's year-over-year percentage growth from FY16 to CY23.,reject,question_not_simple_point_reading,,
8655,3c01d5fbf77f50943b834703ab82be8c2a1da8fca5479e6985ba58d7d97f174a,"China Vanke - A stock performance with closing prices, target price changes, and recommendation changes (2021-2024)",What is the average closing price of the stock for 2023?,reject,question_not_simple_point_reading,,
7684,3c77f2e027cf0cf269980aa2606127ac12a1e94a544877adb87f266845b19c64,"Figure showing the closing price, target price changes, and recommendation changes of China Life Insurance from July 2021 to February 2024.",What was the approximate change in the closing price from 2022/01/01 to 2023/01/01?,reject,question_not_simple_point_reading,,
7252,3c9c6a7ed3a58b57d74a892d48bf232b872081f4351e7b7b7c5f11308be1a858,"Central Pattana stock performance and target price changes over three years; for explanation of ratings, refer to the stock rating keys located after chart(s).",What is the approximate difference in closing price between 2021/07/01 and 2024/01/01?,reject,question_not_simple_point_reading,,
9390,3c9c6a7ed3a58b57d74a892d48bf232b872081f4351e7b7b7c5f11308be1a858,"Central Pattana stock performance and target price changes over three years; for explanation of ratings, refer to the stock rating keys located after chart(s).",What is the approximate difference in closing price between 2021/07/01 and 2024/01/01?,reject,question_not_simple_point_reading,,
4234,3d6626b58e3575a1d5e250ef00a7482012340a4db2ac2b5461b485f5cc5eeb0e,"Wuxi AppTec: Closing Price, Target Price Change, and Recommendation Changes as of 18-Mar-2024",What is the difference in closing price of Wuxi AppTec between 2021/07 and 2024/01?,reject,question_not_simple_point_reading,,
10398,3d6626b58e3575a1d5e250ef00a7482012340a4db2ac2b5461b485f5cc5eeb0e,"Wuxi AppTec: Closing Price, Target Price Change, and Recommendation Changes as of 18-Mar-2024",Calculate the total number of recommendation changes from 2021/07 to 2024/01.,reject,question_not_simple_point_reading,,
10425,3d6626b58e3575a1d5e250ef00a7482012340a4db2ac2b5461b485f5cc5eeb0e,"Wuxi AppTec: Closing Price, Target Price Change, and Recommendation Changes as of 18-Mar-2024",What is the percentage drop in stock price from the highest point (2022/01/01) to the lowest point (2023/07/01)?,reject,question_not_simple_point_reading,,
8367,3e83e32bbc91c7d8578742ef13a4ad279c44e5798d487525a1457b1acbc50d78,Three-year historical ratings and target prices for Singapore Airlines as of 25-Jan-2024,What is the change in closing price from 2021/07/01 to 2024/01/01?,reject,question_not_simple_point_reading,,
7228,3ee53b7f73c73023db1c46795723f1637fb5d65df9a20c29b20e04656c46e2dd,LG Innotek stock closing and target price changes over time with recommendation changes.,What was the percentage change in LG Innotek's stock price from 01-Jan-2023 to 01-Mar-2023?,reject,question_not_simple_point_reading,,
2276,3f0a9edc3c11e4376edf8565c427f865d6d445112651f2965c3944ff2d528634,"E-MART closing price, target price change, and recommendation changes over time",Calculate the approximate percentage drop in closing price from July 2021 to July 2022.,reject,question_not_simple_point_reading,,
4595,3f6a956ae506f7dd6d3bb5dd91467bc3cc66171333f2c1bd27da9f9fe7965f3a,JD.com's Closing Price and Target Price Change Chart from June 2021 to March 2024,What is the approximate difference between the highest and lowest closing prices of JD.com in USD?,reject,question_not_simple_point_reading,,
8336,431875768315bb2d2aad965758acb66452e3390f1421c4a513399f3853b13847,JD Health stock performance and target price changes over a three-year period.,What is the percentage change in stock price from January 2023 to January 2024?,accept,exploratory_annotated,growth_rate,January2023 | January2024
6517,44f1ce670942e9c5acbe8c334d6fbf641b758ae3ab0829ac66c74f11e339fee0,Axis Bank stock performance with target price changes (2021-2024),What is the approximate percentage change in the closing price of Axis Bank stock from July 2021 to January 2024?,accept,exploratory_annotated,growth_rate,July2021 | January2024
8529,464391b618b4e6e29b439d7c8a52e0982b3a25ea1024cafbd221fec22f9217c8,Kuala Lumpur Kepong (KLK MK) three-year rating and target price chart,By how much did the stock price increase from January 2023 to February 2024?,accept,exploratory_annotated,difference,January2023 | February2024
9985,47d25af7d37b70173ae61f70cb2de1fa7698c3a799afc29100ea7cfa5be4eb52,Ultratech Cement stock performance and recommendations over time,What is the total increase in the closing price of Ultratech Cement from July 2021 to January 2024?,reject,question_not_simple_point_reading,,
4532,4ab53804eec8dfae4494db3ded5287f0c47e92ef5a4205fa1fd48db1e3b0e81f,"Illustration of BYD's three-year price, target, and recommendation history in HKD, updated as of 29-Feb-2024.","Assuming the closing price follows the same trend as 2023, predict BYD's closing price at the end of 2024.",reject,question_not_simple_point_reading,,
2385,4e13a092023c40e505e7342df42b2a621a0096c3f024a63939fde3282cca018d,Figure 22: Trend of PVC spreads to Naphtha over Time,Calculate the percentage decline in PVC spreads from the highest peak to July 2023 value.,reject,question_not_simple_point_reading,,
8019,4eae38d309d8d0ebf2d6d3aa34de314cecb392410231a46e1fadc4c215b592cd,"After multiple expansion, estimate revisions are ahead. Micron remains below the historical 30% premium vs Hynix on P/TBV","In March 2015, what was the approximate P/TBV ratio difference between Micron and SK Hynix?",reject,question_not_simple_point_reading,,
3864,4f95cde90759a129a37dec9b9c972927e8b0bb2647b3dbb2e35b24df0aed7ece,Fig. 20: CIMB – net credit charge over time (bps) (ann),What is the net credit charge value in 1Q19?,accept,primary_clean,direct,1Q19
8897,50df7113a109acb3478ae9dbd2387bc4c3281e897ba0bf4887ce157b39ff1456,Apollo Tyres stock performance and ratings over time as of 08-Feb-2024.,What is the percentage increase in the stock price from 2021/07/01 to 2024/01/01?,reject,question_not_simple_point_reading,,
1771,51bcf3a852382d7f56de31b4e9afcf05f0a570f3a4865e861ba5620cea60c255,Price chart and target price changes for Ping An from 2021 to 2024,What is the total change in the closing price from 2021/07/01 to 2024/01/01?,reject,question_not_simple_point_reading,,
2438,51bcf3a852382d7f56de31b4e9afcf05f0a570f3a4865e861ba5620cea60c255,Price chart and target price changes for Ping An from 2021 to 2024,What was the closing price on 2022/01/01?,reject,question_not_simple_point_reading,,
5519,51bcf3a852382d7f56de31b4e9afcf05f0a570f3a4865e861ba5620cea60c255,Price chart and target price changes for Ping An from 2021 to 2024,What was the closing price difference between 2023/07/01 and 2024/01/01?,reject,question_not_simple_point_reading,,
8458,53c33c4ef717f1c74b190bcb01c4d126c2da1219c60975b4a69806ee0acabeba,USDMXN 3-month 20.60 call volatility around the 2016 US election,What is the difference in volatility percentage between 1-Nov-2016 and 1-Dec-2016?,reject,question_not_simple_point_reading,,
10212,55be9d52a1c462fba2fef74f63763e32ee1a2b526ee2968b71058e730997aa00,"Crompton Greaves Consumer Electrical Closing Price, Target Price, and Recommendation Changes as of 15-Feb-2024 (Currency = INR). Refer to stock rating keys for explanation.",By how much did the closing price drop from its peak in mid-2022 to its lowest point in early 2023?,reject,question_not_simple_point_reading,,
5787,55d6069dc3ab5c7e8b4a6a0e46b5df1f8599918a79670bc6b563bb8bf973f047,Fig. 3: Average all-India prices have so far moderated by INR6/bag m-m in March,Calculate the approximate average price change between March 2023 and March 2024.,reject,question_not_simple_point_reading,,
7340,56e068123ddfa112867bb43e853704b3480e2a8242eb9311da310089998985ed,"Closing price, target price change, and recommendation changes for Dabur India from 2021 to 2024.",What is the change in closing price of Dabur India from January 2022 to February 2024?,reject,question_not_simple_point_reading,,
3098,574d54e8f376d65508c359c3519721b1fece4ddbd4de32f5831e7dd79e41ba15,Firstsource Solutions stock performance (2021-2024),Calculate the percentage increase in stock price from January 2022 to July 2023.,accept,exploratory_annotated,growth_rate,January2022 | July2023
8979,57e1caa490a7d27ec453016aabebd246f62b1faee04f3db5886b76356a1f49ce,Rating and target price chart for Lenovo Group (three-year history),Calculate the P/E multiple used for the target price if the EPS is USD 0.13 and the target price is HKD 10.,reject,question_not_simple_point_reading,,
5558,5848d5ef194f15c3cc5e940afd6670769627daef339d255d9237db2c19845096,Sweet-Sour oil price differential (USD/bbl) over time,Calculate the average sweet-sour differential for FY24 based on the quarterly values provided in the context.,reject,question_not_simple_point_reading,,
5334,58cf15eab5452dbcd0676c7b2c6019800d5b32ebdc40d21e811027b542a6a5cb,"Genius Electronic Optical - Closing Price, Target Price Changes and Recommendation Changes as of 13-Mar-2024",What was the closing price of Genius Electronic Optical on 2022/01/01?,reject,question_not_simple_point_reading,,
9621,58cf15eab5452dbcd0676c7b2c6019800d5b32ebdc40d21e811027b542a6a5cb,"Genius Electronic Optical - Closing Price, Target Price Changes and Recommendation Changes as of 13-Mar-2024",What was the total change in closing price from 2021/07/01 to 2024/01/01?,reject,question_not_simple_point_reading,,
8200,5977a2dbb0a9d550a926265dd58a427fc9b1772483607dd70e9e1d6f6e6a3d6b,FinVolution Group stock performance and target price changes over time,What is the percentage change in stock price from 2021/07/01 to 2024/01/01?,reject,question_not_simple_point_reading,,
3388,59f5759a9eb2efab86f5c7b82a0d93f05956255fd3d4e1ab38c25d3437631ca7,"RHB Bank stock price and target price changes over three years, with recommendation changes indicated.",What is the average closing price of RHB Bank stock between 2021/07/01 and 2023/07/01?,reject,question_not_simple_point_reading,,
6506,5a7aece230e268003e64a8819fb5124c45afac27c151148fd2aeb162692f5421,TUC (6274 TT) Stock Performance Chart as of 06-Mar-2024,What is the percentage price increase from the lowest point in 2022 to the closing price on 06-Mar-2024?,reject,question_not_simple_point_reading,,
5326,5adcc52d12a76950b0ef7a7e916430cc2266f803e3c1ea00b50d523b142a8626,Fig. 9: Historical and Forecasted Brazil Sales (BRL mn),Calculate the approximate percentage increase in sales from FY14 to FY15.,reject,possible_bar_or_bar_line_combination,,
8632,5b2dfcd634bc5d9033ec41afd573f8b79c51b98a7d9a436ec6976bf7c818e932,Historical stock performance chart of LiAuto Inc. with target price changes and recommendation changes.,Calculate the price difference between the highest and lowest closing prices observed in the chart.,reject,question_not_simple_point_reading,,
5947,5da3d4ae54bec9a0178f35984a5c550507092de8182ddbfce8faeb0165c7e74e,Stock performance of Glenmark Pharmaceuticals as of 18-Feb-2024,What is the percentage increase in stock price from 2021/07/01 to 2024/01/01?,reject,question_not_simple_point_reading,,
9025,5da3d4ae54bec9a0178f35984a5c550507092de8182ddbfce8faeb0165c7e74e,Stock performance of Glenmark Pharmaceuticals as of 18-Feb-2024,What was the closing price on 2022/01/01?,reject,question_not_simple_point_reading,,
10263,5ffd2cb188ffa9aedaf2bc37b268098f938e343d492575601367ef55acc10274,Lupin's 3-year historical closing price with target price and recommendation changes as of 22-Feb-2024 (Currency = INR),Estimate the number of days between the first and last target price change events on the chart.,reject,question_not_simple_point_reading,,
10767,5ffddb0231cfb9a3f5943c1ded90644660e3040c2d0f7543588926fc7c508db2,"Closing price, target price change, and recommendation changes for Havells India as of 24 Jan 2024",What was the approximate price difference between the closing price in 2021/07/01 and the closing price in 2023/07/01?,reject,question_not_simple_point_reading,,
2790,6201895fa63eceac0564065294e712a1645ccd35bfb1040cabb44fab7e771534,Genting Singapore stock performance with target price and recommendation changes,What was the stock price change from 2022/01/01 to 2023/01/01?,reject,question_not_simple_point_reading,,
9042,634a23dbbbc79aa8a5ea237361528925beae22a9e6294cc8bd1287e5e1c5a201,"China Tower stock price, target price, and recommendation changes over three years as of 18-Mar-2024",What was the target price change on 2022/01/01?,reject,question_not_simple_point_reading,,
9007,6396dbb646b4e53512a9fbb158f53ad93af8ef499fbfabcbeee32dd30366def1,PBK – Non-interest income as a percentage of operating income,What was the approximate difference in the percentage of non-interest income between 1Q20 and 3Q21?,accept,primary_clean,difference,1Q20 | 3Q21
9894,65b0cb5134ef4477b2fe719b76e47f4fa0ea68042c74f65f3bfabfc526da85e2,"Kansai Nerolac Paints Stock Performance as of February 6, 2024",What was the approximate percentage drop in closing price from July 2021 to July 2022?,reject,question_not_simple_point_reading,,
1473,66a7deaa58470e34f94bbf174c155ac77f3fc9e81d850dcb333e325abdb3911e,Three-year historical ratings and target price changes for Wuxi Apptec,What was the approximate closing price of Wuxi Apptec on 2022/01/01?,reject,question_not_simple_point_reading,,
5598,69a4c758abac1a8bc743b1780d4ee3ec6cd03de3278b8ccc240b77604572c806,Cowell e Holdings Stock Performance and Rating Changes Over Time,What is the total increase in stock price from 2021/07/01 to 2024/01/01?,reject,question_not_simple_point_reading,,
5626,69a4c758abac1a8bc743b1780d4ee3ec6cd03de3278b8ccc240b77604572c806,Cowell e Holdings Stock Performance and Rating Changes Over Time,What was the difference in closing price between 2021/07/01 and 2022/01/01?,reject,question_not_simple_point_reading,,
1933,6b216df8afe2350c52cc83cd93f180c852c6fefb3921fa3c196be5b7bb92bd10,For explanation of ratings refer to the stock rating keys located after the charts,How many months are there between the first and the last target price change in the chart?,reject,question_not_simple_point_reading,,
8274,6b216df8afe2350c52cc83cd93f180c852c6fefb3921fa3c196be5b7bb92bd10,For explanation of ratings refer to the stock rating keys located after the charts,Calculate the time period in months between the first recommendation change and the last target price change.,reject,question_not_simple_point_reading,,
7926,6d7d6865a5db4fb784231395894c3f907a2c46c2edf435e1572e56d1ffa8f17f,Stock price and target price changes for Unimicron Technology from July 2021 to March 2024 (Currency: TWD),Calculate the approximate average closing price for December 2021.,reject,question_not_simple_point_reading,,
9016,6d86a4d316bee8643b5f579b25d76a195cf200f05296fe96323a74ec22063a92,"Tenaga Nasional: Closing Price, Target Price Change, and Recommendation Changes (As of 03-Mar-2024, Currency=MYR)",What is the percentage change in stock price from 01-Jan-2022 to 01-Jan-2024?,reject,question_not_simple_point_reading,,
1988,6e4cf475735a3b99a9fb9831539c1eca58473abf939069a430acede0401b1c56,Hon Hai Precision Industry stock rating and target price (three-year history),What was the total percentage change in closing price from 2021/07/01 to 2024/01/01?,reject,question_not_simple_point_reading,,
6461,6ebc91b5fa06b58aa21ac515ceec2ba9dfdb3fe597b6dd819d2b14af0e0d49a3,Qifu Technology historical stock price and ratings overview,What was the difference in closing price between 2021/07/01 and 2022/01/01?,reject,question_not_simple_point_reading,,
7865,6f05c4175e7eabee6be0cd1bbc86e25154e1e79e3e1b1fca23dec2ef5cb7f468,STOXX 600: Percentage of Positive 3-Month Change in 12-Month Forward Net Margin,"In 2022, what was the approximate percentage of positive 3-month changes in forward net margin?",reject,question_not_simple_point_reading,,
9250,704cce98a558546a97a89519acbc1aff6e8aa16ce2925b2cdf611dad2e040152,"Three-year history of Federal Bank's stock performance, showing closing prices and recommendation changes.",What is the target price change shown on the chart around 2023/07/01?,reject,question_not_simple_point_reading,,
8314,71006eb11fbcd1a4aabb46011c18f4fe98e375c46323f2f7a352743398c81a36,6-month Carry/Volatilities of Various Currencies vs USD,What is the change in the carry/vol ratio for INR between the current period and 1-month ago?,reject,question_not_simple_point_reading,,
9196,7111253f89ac1bcdba321022a96e29b9e2352a1cfdbe90ab680f5f3a0ecfe339,ABB India Stock Performance and Ratings Over Time (2021-2024),What is the difference in closing prices between 2021/07/01 and 2024/01/01?,reject,question_not_simple_point_reading,,
7994,71409bbb7fba1998976143e09cc9cc500443ca1adfcb467c0873ca5949114602,Axis Bank Stock Price Trends and Target Price Changes as of 26-Feb-2024,What is the approximate price increase of Axis Bank stock from 01-Jul-2021 to 26-Feb-2024?,reject,question_not_simple_point_reading,,
8313,71519bed5b9d3c0655e414c5224e441c0e2331aca455a6a947fcdcc8c9d408ea,Rating and target price chart for Malaysia Airports (MAHB MK) as of 13-Mar-2024,What is the difference in MYR between the highest target price and the closing price as of 13-Mar-2024?,reject,question_not_simple_point_reading,,
10018,73a48e3efe181af3e32ea04d9676c2377a99f5a2b9770ea4fdfeeb0a0453b939,VenusTech stock price analysis,"What was VenusTech's stock opening price on June 25, 2014?",reject,question_not_simple_point_reading,,
5856,76a492e3dded2821cf2d85dc8da090d4c4c6a10202ff9efb543480f7aee327a8,Trends in Chinese monthly refined product exports from 2023 to 2024 within the 5-year range,What is the average export value for the year 2023?,reject,question_not_simple_point_reading,,
9450,7747667f14e4ec90be02b11e4145fa15e01d1110062ddcdee104011f25513757,"Total debt change owed by non-financial corporations as a percentage of GDP by country, Q2 2023 vs. Q4 2008",What is the percentage increase in non-financial corporate debt as a percentage of GDP in China from Q4 2008 to Q2 2023?,reject,possible_bar_or_bar_line_combination,,
9195,774e3f189d4dbba4e75b815b6db70c2d45380cf1a28333bb8c24ba1e406447fc,Hanwha Ocean stock target and closing price changes with recommendations over a three-year period.,What is the difference between the highest target price and the closest closing price at that point?,reject,question_not_simple_point_reading,,
2396,780f681b3a42113b76830b1beaea9d7c72fb568c341b1eb5b60c47447d990f99,Fig. 7: Diesel spreads to Dubai crude,What is the average diesel spread value between Q3 2022 and Q1 2023?,reject,question_not_simple_point_reading,,
3458,7812ba0468e01376cfe50a74ca9a512dbda871be2bc0167fed4074ddccdbdf96,"LIC Housing Finance - Closing Price, Target Price Change, and Recommendation Changes as of 19-Feb-2024",What is the price difference between the closing price on 2021/07/01 and 2024/01/01?,reject,question_not_simple_point_reading,,
5837,7911248abfbee6a19ccc97edfd949737039bfbf1cb4bfc19f1b6c3818aa07bfd,"Rating and target price chart of Airports of Thailand PCL with closing price, target price changes, and recommendation changes.",How much higher was the closing price on 2023/01/01 compared to the closing price on 2021/07/01?,reject,question_not_simple_point_reading,,
5135,79ee65ff01b97e7d52996882ffe7ccb86ecc282fd44bfc507466ba1589e2ef04,"SK Innovation stock performance with closing prices, target price changes, and recommendation changes from July 2021 to February 2024.",Calculate the approximate percentage drop in the closing price from its maximum value to its value at the end of 2023.,reject,question_not_simple_point_reading,,
1703,7ac76ad793feab39a4053cc049cd334257a69b2cd9e75b498e02773399c2ac4c,Net Interest Margin (including Islamic Banking Income) Over Time,What was the approximate Net Interest Margin (bps) in 3Q18?,accept,primary_clean,direct,3Q18
9269,7ac76ad793feab39a4053cc049cd334257a69b2cd9e75b498e02773399c2ac4c,Net Interest Margin (including Islamic Banking Income) Over Time,What is the average Net Interest Margin between 1Q15 and 3Q23?,reject,question_not_simple_point_reading,,
1675,7b9a609ec1bfa1188fa5628eea3dd5637d11ebc14eaf86f2e3b72179a2ec4d38,Figure 14: Historical Trend of the US Effective Tax Rate,What is the difference between the US Effective Tax Rate in 1990 and 2025?,reject,possible_bar_or_bar_line_combination,,
6249,7d2514a25a37487445e1e5757a58b2fbb6099414e8155a5a3aacf0b2fef8b6a1,Fig. 30: Payout ratios for China banks (2020-2022),What is the average payout ratio for ICBC over the three years?,reject,question_not_simple_point_reading,,
8245,7d7816822ffd8144f118baa6fac1e41c5ab0457e7bd056962be9c48d59666096,Global Chip Market in Nominal USD per Person (1970-2030),What was the approximate percentage increase of the global chip market per person from 2000 to 2010?,accept,primary_clean,growth_rate,2000 | 2010
2736,8064fa5e16aaf3e7575634373670e2c96d955234ac9c5b024a0366c1c0bfca11,Apollo Tyres stock rating and target price change chart as of 18 Mar 2024,What is the approximate percentage increase in stock price from 2021/07/01 to 2024/01/01?,reject,question_not_simple_point_reading,,
1314,807b1e7e32619458eb2bbb5de0ce3dba2bf0e06be5b68472712334fe9222d84f,Indusind Bank stock performance with target price and recommendation changes over time,What is the percentage increase in the stock price from 2021/07/01 to 2024/01/01?,reject,question_not_simple_point_reading,,
9599,807ed4b8db3e2e70ab28803346fff412a1adef4431e4c1ae6cfbc492b26ecef4,S&P 500: Percentage of positive 3-month change in 12-month forward Net Margin,What was the percentage difference between the highest and lowest points in the chart?,reject,question_not_simple_point_reading,,
6667,8102220c508d15f33e3a0b1e425eaa65e778634d2fd27b373f600cc6f7cfd986,China Domestic Brands' Vehicle Shipments,What is the percentage increase of domestic brands from 2021 to 2023?,reject,possible_bar_or_bar_line_combination,,
1797,816025c1cd5d4559b5709d33e9fe5a6f2fd61b90ebaea1c1716ec73cc83e4800,Fig. 11: EBITDA margin trend including GLS,How much did the EBITDA margin decrease from 2QFY23 to 3QFY24?,accept,primary_clean,difference,2QFY23 | 3QFY24
3021,816025c1cd5d4559b5709d33e9fe5a6f2fd61b90ebaea1c1716ec73cc83e4800,Fig. 11: EBITDA margin trend including GLS,What was the EBITDA margin for 1QFY23?,reject,one_question_per_chart,,
9827,83510876069452b260c8feeffbc3b28504211ebb2c90cddc82be6b9cf28e0a0b,"Historical stock ratings, target price changes, and recommendation changes for Tenaga Nasional. For explanation of ratings, refer to the stock rating keys located after chart(s).",How much did the closing price increase between July 2021 and January 2024?,reject,question_not_simple_point_reading,,
2163,8359e72c6d3c64e3d45c9bd0ada3e4d6454a703cc1a7a71cd19c99839322a37b,"JD.com's Closing Price, Target Price Changes, and Recommendation Changes (HKD)",What was the difference in JD.com's closing price between 2021/07/01 and 2024/01/01?,reject,question_not_simple_point_reading,,
2363,83aa7f614c60dce753a4f4be142634809b6f072946315bc50411be12f3148598,Fig. 30: Trends in the China Network Security Market by Type of Supplier (2018-2022),What is the value for the integrated player category in 2023?,reject,possible_bar_or_bar_line_combination,,
5100,83aa7f614c60dce753a4f4be142634809b6f072946315bc50411be12f3148598,Fig. 30: Trends in the China Network Security Market by Type of Supplier (2018-2022),What is the value difference between the service supplier category in 2021 and 2023?,reject,possible_bar_or_bar_line_combination,,
1163,840ab1e6d65523adb248c451ff5396ce8316d1b6a4703ec4c674baf0d27ae053,Overall take rate (revenue/loan origination) from Q1 2019 to Q4 2023 showing fluctuations and trends.,What is the average overall take rate for 2021?,reject,question_not_simple_point_reading,,
8163,85721f96a6374d3b0155b095191b84b31bbf72bd632a64c112fceb13db842fad,"ICICI Prudential Life Insurance - Closing Price, Target Price Change, and Recommendation Changes over Time",What is the approximate difference in closing price between 2021/07/01 and 2024/01/01?,reject,question_not_simple_point_reading,,
8663,85721f96a6374d3b0155b095191b84b31bbf72bd632a64c112fceb13db842fad,"ICICI Prudential Life Insurance - Closing Price, Target Price Change, and Recommendation Changes over Time",What is the approximate difference in closing price between 2021/07/01 and 2024/01/01?,reject,question_not_simple_point_reading,,
9797,87158a2c827829fb5e9115d5500a7bb4e4936ecc874efbe290890d51cbcfebe7,Duration of funding gap over years,What is the average duration of the funding gaps from 1995 to 2020?,reject,question_not_simple_point_reading,,
9628,8987047086fc53f4c822530d9122b35d290b296af2f99288a64082a0d8ea6296,Stock performance and target price changes of Innovent over time,What is the approximate percentage change in stock price from 2021/07/01 to 2024/01/01?,reject,question_not_simple_point_reading,,
8716,8db4e9b608447bfc9ebcd3ca25d53a95b0e9018465aee3767b41aeaace71144d,Fig. 21: Year-on-year growth rate of total property-related loans from 2018 to 1H23,Estimate the average yearly change in growth rate from 2018 to 1H23.,reject,question_not_simple_point_reading,,
2814,8f46428b48fcc63f72a9f86947b29c608a244480d04407fcf0341ebb46739084,Hanwha Ocean stock performance as of 25-Feb-2024,By how much did the stock price increase from January 2023 to January 2024?,accept,exploratory_annotated,difference,January2023 | January2024
7895,8f46428b48fcc63f72a9f86947b29c608a244480d04407fcf0341ebb46739084,Hanwha Ocean stock performance as of 25-Feb-2024,"What was the closing price of Hanwha Ocean's stock on July 1, 2021?",reject,question_not_simple_point_reading,,
2330,8f51f59c04f31cd519ec250a35dc742d57d40793cd23d63727f480a5797102bd,KPJ Healthcare stock price trends and target price changes from 2021 to 2024,What is the approximate percentage increase in the closing price from July 2021 to January 2024?,accept,exploratory_annotated,growth_rate,July2021 | January2024
7584,8f56fe7b404c4c2e16d7d7c13ec61611652344358e2edc904494108ad276ba53,"US trade balance with China (USD billion, inflation-adjusted), 1980 to 2023",What was the change in the trade balance from 2000 to 2020 in USD billion?,reject,question_not_simple_point_reading,,
2404,8fb1f741b54c60552e3b7497dd5ae7126d4ac4d3611c055660853626b49e9367,"Federal Bank: Historical Trend of Closing Price, Target Price, and Recommendation Changes",Determine the percentage change in closing price from 01 Jan 2023 to the all-time high observed in 2024.,reject,question_not_simple_point_reading,,
1397,91ac94535d897a81807f02493bcd772c51fd05d6c22a11b8d7d98825353c9ea3,"Venustech Stock Price, Target Price, and Recommendations Timeline",Calculate the average closing price for the period from 2021/07/01 to 2022/07/01.,reject,question_not_simple_point_reading,,
4640,92650da945497344a7588d2bec67168418a48996c15d3ed9682cc6d2d9aa7267,"Airports of Thailand PCL performance chart showing closing prices, target price changes, and recommendation changes",What is the difference in the closing price between the highest and lowest points observed in 2023?,reject,question_not_simple_point_reading,,
7109,9526b346f489af113b06b685c988bba3250e13912aa666ed3a2abe48cf1d8dff,"P/E band chart. Source: Bloomberg Finance L.P., Nomura research",What is the average range of P/E ratio values in the chart?,reject,question_not_simple_point_reading,,
3058,958fdd5ebfbdc532180207a2dbdbf7e1e1f06ba0f5159502ff504a87edb8fcea,"Navi Finserv and Krazybee: GS3 - One year lagged AUM and Credit cost (%) across FY23, 2Q24, and 3Q24","What is the average GS3 percentage for Krazybee across FY23, 2Q24, and 3Q24?",reject,question_not_simple_point_reading,,
10074,976e363172c93ca41ca1c042c54a730220c971da06f7f0b91f3d1d2bd19f8027,Stock rating and target price history of Hong Leong Bank,Calculate the approximate difference between the highest and lowest target prices over the chart period.,reject,question_not_simple_point_reading,,
2683,9794f705b05ccae3e56ec94da386da7a6bc0727330f77ea68fe0ecfd28f1ab70,Kia Corp Stock Price and Target Price Changes Over Three Years,What is the approximate percentage increase in closing price from July 2021 to January 2024?,accept,exploratory_annotated,growth_rate,July2021 | January2024
8012,97de7e27c20b8fcf49ab0c982dda3b1de3551d39ee4116fd9f255927b01f3296,China Merchants Bank closing price and target price change chart (as of 23-Feb-2024),What is the difference between the closing price and the target price on 2024/01/01?,reject,question_not_simple_point_reading,,
1714,9873a145911a5f845e2a5951ab8de559c4f54388f102169ef4f72906a12df062,Gujarat Gas Closing Price and Target Price Changes Over Time,Calculate the average closing price of Gujarat Gas for the year 2023.,reject,question_not_simple_point_reading,,
10816,98fcef85fdd38876f4ca61035721180588cdd57c611f8a7e416826d4ac8ec681,Bank Mandiri historical rating and target price changes chart,What was the approximate percentage increase in Bank Mandiri's closing price from 2021/07/01 to 2024/01/01?,reject,question_not_simple_point_reading,,
7718,99b41afc2c90ad480fe7e26284a72d9cc38de1b6cd9a548735ed76fae349b8aa,"Historical chart of closing prices, target price changes, and recommendation changes for Largan Precision as of 13-Mar-2024",What was the closing price on 2022/01/01?,reject,question_not_simple_point_reading,,
5195,9af872682f2e4abec272f97a6bcfd2a194c71e7f29a8bdb4a717a0718346afea,Pan Ocean historical stock performance and price target changes,Calculate the approximate percentage decrease from the highest closing price to the lowest closing price.,reject,question_not_simple_point_reading,,
847,9dcf6c73d5d28288ada66ba82a8b9f17ab2430664ba37a25e52aaabaade8e5e5,Historical performance of SEMCO stock including target price changes and recommendations,What is the approximate difference between the highest and lowest closing prices in the chart?,reject,question_not_simple_point_reading,,
6547,9fec0658b454e71dfe44e91b83f4475bfe19488ef81ed31b00b480cadd4bd27d,"Total China container port volume (in million TEU), from January 2006",What is the approximate volume in January 2015?,reject,possible_bar_or_bar_line_combination,,
7945,9fec0658b454e71dfe44e91b83f4475bfe19488ef81ed31b00b480cadd4bd27d,"Total China container port volume (in million TEU), from January 2006",What is the total increase in container volume from January 2006 to January 2023?,reject,question_not_simple_point_reading,,
6884,a00860c05b43ac068ee87342230b61fc42200395744c1d6a1406d7438fe85df0,"JD Logistics Closing Price, Target Price Change, and Recommendation Changes as of 25-Jan-2024 (HKD)",How much is the approximate difference between the closing price and target price at the end of the period (2024/01/01)?,reject,question_not_simple_point_reading,,
8043,a0e3d48f2e33c673fe5b19b24ae58bb5f1ca15093786fa35510f5cb6c4fd9d0e,Fig. 6: MarFA™ Macro – US Metals & Mining vs US Materials,What was the highest value of the US Metals & Mining / US Materials ratio in January 2024?,reject,question_not_simple_point_reading,,
485,a31603b8ef9e8853b1a400996a9e61d3db3e27dd2ae7f03cc49eb3b3899e6785,"Closing Price, Target Price Change, and Recommendation Changes for Asymchem as of 01-Mar-2024",What is the percentage change in closing price from 2021/07/01 (around 325 CNY) to 2024/01/01 (around 75 CNY)?,reject,question_not_simple_point_reading,,
8971,a31603b8ef9e8853b1a400996a9e61d3db3e27dd2ae7f03cc49eb3b3899e6785,"Closing Price, Target Price Change, and Recommendation Changes for Asymchem as of 01-Mar-2024",By how much did the closing price increase from 2023/01/01 to 2023/07/01?,reject,question_not_simple_point_reading,,
4738,a37c34460ac07ab82d05b4fa8127818dd72e85e1758e9d9ebb07bec96054b419,Dubai crude oil price trends,What was the approximate percentage increase from Jan-22 to the peak in 2022?,reject,question_not_simple_point_reading,,
4905,a3fd3f4afca60b7f501992a682847bf037eecccfdba2a5c04b767c260b59fb18,"Closing price, target price change, and recommendation changes for Tata Motors",What is the total price increase from 2021/07/01 to 2024/01/01?,reject,question_not_simple_point_reading,,
9907,a5374523c350ec32b4c0d299f877b7698b3c4b13e00a4008e9f3852bc56bf626,"HDFC Bank stock performance over time with closing prices, target price changes, and recommendation changes.",What is the change in closing price from the lowest point reached in 2023 to the price on 18-Mar-2024?,reject,question_not_simple_point_reading,,
10638,a7a30b15d28e6830eba361313d1f9ef84fa79c737b51f7f3fdad2ffdb72d4e15,Closing prices and target prices of Joinn Lab over three years,What is the approximate percentage change in the closing price from 2021/07/01 to 2024/01/01?,reject,question_not_simple_point_reading,,
8652,a95e42d6868bfb96f0b361e376a2b01daa96d63561e681553e1bc068d30066e5,"Chart showing the State Bank of India's closing prices, target price changes, and recommendation changes over time.",What is the approximate percentage change in stock price from 2021/07/01 to 2024/01/01?,reject,question_not_simple_point_reading,,
7190,a9cbe094f454ace29ee343ff5b222a1f2eb9f6053d9ca292ff03422cacd78f3b,Elite Material's Stock Performance Chart from July 2021 to February 2024,Calculate the approximate percentage increase in the stock price from January 2023 to July 2023.,accept,exploratory_annotated,growth_rate,January2023 | July2023
9746,aae294b216e7f4fc5a53d93daa8c1f0c779350c706cf5e9c7ad3a8ac21090ae8,Fig. 17: ASMedia's consensus P/E in relation to historical performance,Calculate the percentage change in P/B ratio from the peak in 2020 to February 2024.,reject,question_not_simple_point_reading,,
8092,adaa4ad2ed8cea597b54e60975c441dcab6570b3bc790661fc7f3e81647a5dfd,"Trends in Political Uncertainty across Europe, Germany, and France (2005-2023)",What is the average political uncertainty value for France between 2015 and 2020?,reject,question_not_simple_point_reading,,
2489,ae5f0540bc9393ef306e2b13d238dbb639e739aaec741fcbaded69b9e6e9d688,"Majors’ Refining Yields - Source: BNP Paribas Exane, Company reports",What is the proportion of Diesel/Gasoil in BP's refining yield?,reject,question_not_simple_point_reading,,
3442,af67aee693727ab6c3b3d4f6a738c868874cec791eef3bdbeadfe590005d4e22,Price and target price history of Press Metal Aluminium Holdings from July 2021 to February 2024,What is the percentage change in the closing price from 2021/07/01 (around 5 MYR) to 2023/07/01 (around 7 MYR)?,reject,question_not_simple_point_reading,,
4491,af67aee693727ab6c3b3d4f6a738c868874cec791eef3bdbeadfe590005d4e22,Price and target price history of Press Metal Aluminium Holdings from July 2021 to February 2024,"From 2022/07/01 to 2023/07/01, what was the approximate percentage decrease in closing price from 7.5 MYR to 4.5 MYR?",reject,question_not_simple_point_reading,,
4417,af7f8d2390e72b016cbb5ab3ae073ccf69ec0375b09709463984e59b8d3e1cf9,"Fig. 7: Europe sales (INR mn) – Strong y-y growth driven by respiratory portfolio, Source: Company data, Nomura estimates",Calculate the total sales for FY23 by summing the sales from all four quarters.,reject,question_not_simple_point_reading,,
2481,b260c11939ff897d9bd65eecbc4fbf2a59b40c24d8ee652333b1df009a75f2b7,IOI Corporation stock performance and related changes,What is the percentage change in IOI Corporation's stock price between 2021/07/01 and 2024/01/01?,reject,question_not_simple_point_reading,,
6276,b397d7aa7e3990e6c34618a641a56f59db1da32aad7fe74f021c6cc427a284d7,Fig. 3: MarFA™Macro – JP Autos vs JP Banks,What is the value difference between 'MarFA™ Macro' and 'JP Autos / JP Banks' lines in March 2024?,reject,question_not_simple_point_reading,,
2845,b608ebdf11b1d0fa2c6e4641e0781b16c7d37a6c552329f6dcd396652e6ce610,"Historical chart of Quanta Computer's closing price, target price changes, and recommendation changes from Jul 2021 to Mar 2024.",What is the approximate percentage increase in the closing price of Quanta Computer from July 2021 to March 2024?,reject,possible_bar_or_bar_line_combination,,
5355,b6644a23e38bd86fd30493f8d3935dd84596334370c39dc9799b705a168a58a4,Fig. 50: Cement EV/EBITDA Valuations Over Time,What is the average value of Cement EV/EBITDA for the years 2017 to 2019?,reject,question_not_simple_point_reading,,
7799,b96ee5e32cccbc27c7ad325c392da62bce44383d06643a4a7e6e102e6ce9fcca,Hanwha Systems stock performance with target price and recommendation changes,What is the total change in the closing price from 2021/07/01 to 2024/01/01?,reject,question_not_simple_point_reading,,
4435,ba22f0f8bb13fbf2091417ea6575401616c6a23597fd32bb9602a60478211dc5,"Three-year SMIC stock rating, target price, and closing price chart.",Calculate the difference between the highest closing price (2023/07/01) and the lowest closing price (2022/01/01).,reject,question_not_simple_point_reading,,
9832,ba22f0f8bb13fbf2091417ea6575401616c6a23597fd32bb9602a60478211dc5,"Three-year SMIC stock rating, target price, and closing price chart.",Calculate the average closing price between 2022/01/01 and 2022/07/01.,reject,question_not_simple_point_reading,,
1944,bb4252e99d161f48ef22712b0c609d041f1ddde811999fdb2fce3bcc10123b07,US exports to China of goods and services under the Phase One deal from 2010 to 2022 (Commitment vs Actual),What was the total value of 'Actual' exports in 2022?,reject,question_not_simple_point_reading,,
5509,bbf57856677a785f9dac4c0ad61a9c6b0b502dc082d5e75aaa4b0cd98d47b8d3,Fig. 5: MGL – Gross Margin Trend,What was the approximate average gross margin for the period from 1QFY18 to 3QFY22?,reject,question_not_simple_point_reading,,
1150,bc5633923a3fbe4f3806ebd54bf7ab881265eec880627a3baf3a5263ad6a6210,JD Logistics Stock Ratings and Target Prices over Time (2021-2024),Calculate the percentage decrease in the closing price from 2021/07/01 to 2024/01/25.,reject,question_not_simple_point_reading,,
11074,be8fafa5862a762833b31b773d4b8173df5c763840cad5b9b2dc2b5a8930704c,"Historical stock price, target price changes, and recommendation changes for Dalmia Bharat as of 24-Jan-2024",What is the approximate price difference between the highest and lowest closing prices shown in the chart?,reject,question_not_simple_point_reading,,
7264,c0a679bdb903b570c5dc0906adce2537fb92149ef120419e705d55854523dc0b,Fig. 66: Defense and capital goods stocks (PSUs) P/E 1 yr fwd,What was the approximate percentage difference between the LTA value and 'Defense and capital goods' stocks in 2016?,reject,question_not_simple_point_reading,,
8158,c0a679bdb903b570c5dc0906adce2537fb92149ef120419e705d55854523dc0b,Fig. 66: Defense and capital goods stocks (PSUs) P/E 1 yr fwd,"In 2018, what was the approximate percentage below the LTA for 'Defense and capital goods' stocks?",reject,possible_bar_or_bar_line_combination,,
3389,c17631fc848ffeed0f7a69e72365de57e9a0c4da84e7cf171b7686052cbfd1dd,"ICICI Prudential Life Insurance Stock Ratings, Target Price, and Closing Price Overview (As of 18-Jan-2024)",Calculate the approximate downward percentage change in closing price from its peak to January 2024.,reject,question_not_simple_point_reading,,
6543,c34037ebec8cf4c914baecba44e7e2507029606e8cc6aab82f7d9e350e08f6a6,Changes in Implied Volatility Compared to Realised Volatility for Selected Currency Pairs,What is the average implied volatility across all currency pairs for the 1-week period?,reject,question_not_simple_point_reading,,
8246,c61d0d11b81307f1dcd7ba2fa3b7386beba0e73018340bdf4cb2c5ac738fe9b2,SBI Life Insurance three-year rating and target price history as of 10-Mar-2024,What was the percentage change in the closing price between 2021/07/01 and 2024/01/01?,reject,question_not_simple_point_reading,,
6205,c7bee68691b74726a750b1d71e85c7c7e8e5ad3e176aa07e47ae2780159c79c0,Arab Light-Heavy oil price differential trends,"If the trend from Apr-23 to Jul-23 continued for the next quarter, estimate the differential for Oct-23.",reject,question_not_simple_point_reading,,
1446,c977767f54fd3e583dfa1ecd26d5b15f4801ef7a1d8300c38cd43889990552ec,"Source: WSTS, Nomura research, Global Chip Sales Growth",Calculate the approximate percentage change in chip sales growth from the lowest point in 2008 to the highest point in the following cycle.,reject,question_not_simple_point_reading,,
2381,caeb7ecaa253a3e0f4eef121c2ee5208f0c5f683c15a562f4e9e40b78bff849f,"TRx continued to rise, up 24% y-y for Jan 2024",Estimate the average annual growth in TRx from 2017 to 2023.,reject,question_not_simple_point_reading,,
5988,cc66860788268f30aa54aa22b6219244bd04408ab1beecfc643a43e60490ef85,"SKP Resources: Closing Price, Target Price Change, and Recommendation Changes as of 26-Feb-2024",What is the closing price on 01-Jan-2023?,reject,question_not_simple_point_reading,,
10445,cc66860788268f30aa54aa22b6219244bd04408ab1beecfc643a43e60490ef85,"SKP Resources: Closing Price, Target Price Change, and Recommendation Changes as of 26-Feb-2024",What was the closing price difference between 01-Jan-2022 and 01-Jan-2023?,reject,question_not_simple_point_reading,,
5650,cc9829cdff4e9dba7a2e6ec8a80a91046bfa071834bf9591f3e546a205e76d0b,For explanation of ratings refer to the stock rating keys located after the chart.,Calculate the approximate percentage drop from the peak closing price in 2021 to the lowest closing price in 2023.,reject,question_not_simple_point_reading,,
8645,ce7291eb807b03aab35f36c93464598871bb80cebab6a43185208dc1bb083cf1,5-Year Implied vs Realised Skew Analysis for AUD/USD over the Last 3 Months,What is the implied skew value for a data point that aligns closely with the dashed grey line in the chart?,reject,question_not_simple_point_reading,,
8099,d0d754ea832f48c9be9775a63332bfaec0cec82952cd1f3be15f821c0380815b,Fig. 11: Comparative Year-on-Year Growth of Ipca vs IPM,Calculate the average annual growth rate for Ipca over the fiscal and calendar years given.,reject,question_not_simple_point_reading,,
8240,d2a21fbc130a7d27b06dcd7135acccc6036c744ca107c8644f1de70cdae24741,"Xtep Stock Price, Target Price, and Recommendation Changes as of 18-Mar-2024",What was the approximate range of closing prices for Xtep in 2022?,reject,target_is_interval_or_boundary_not_point,,
9881,d45a13e0db183b71464ceac630fddfffb9c25914712cc6b2e8166150ba20faab,Cipla Stock Price and Rating Trends (2021-2024),Estimate Cipla's average closing price during 2022. Use the mid-points of the fluctuating ranges during 2022.,reject,question_not_simple_point_reading,,
6255,d45e708429bf9ae1b97c52c64dc89cbc8891c009a5af90dcb68d676910838617,IOI Corporation stock performance chart with closing prices and target price changes from July 2021 to February 2024,What is the percentage change in IOI Corporation's closing price from 2021/07/01 to 2024/01/01?,reject,question_not_simple_point_reading,,
4271,d6527f2e8dad46d9282e21c34d300bca4979bc8fd69b1fbc2ef5413206c1ad52,Figure 13: Monthly Trend of Bulkcarrier Panama Canal Transits from September 2023 to February 2024,By what percentage did the number of transits decrease from November 2023 to February 2024?,reject,possible_bar_or_bar_line_combination,,
10959,d65bae5f3d163b9efc1c547237599f189bac36016b8fa28dd62c4109dcfa328f,Tata Consumer Products - Stock Performance and Target Price History (as of 08-Feb-2024),What is the difference in price between the start of 2021 and the end of 2023?,reject,target_is_interval_or_boundary_not_point,,
5144,d7427c72e2019226fb19e7f0ec47bb006d91698a08d74efd7ba20fffb7b74ba1,Fig. 9: FY24 EPS US$ (Indexed =100) for Cyclicals Sector,What is the indexed value for 'Semi/Equpt' on 25-Oct-23?,reject,question_not_simple_point_reading,,
9159,d7427c72e2019226fb19e7f0ec47bb006d91698a08d74efd7ba20fffb7b74ba1,Fig. 9: FY24 EPS US$ (Indexed =100) for Cyclicals Sector,What is the value of 'AeJ' on 04-Jan-23 (indexed value)?,reject,question_not_simple_point_reading,,
3580,d7645d612fab38cb6bf99a05d7dd340292d4cf139667d6d3511dc5f999a0d976,"P/E band analysis; Source: Bloomberg Finance L.P., Nomura research",What is the difference between the highest and lowest P/E values in the chart?,reject,question_not_simple_point_reading,,
5270,d7d8a1003522e170ed33323106725ddce1a0ff9e62fce8240db1486e902ba217,Fig. 10: Year-over-year Growth Comparison: Alkem vs IPM,What was the average Alkem growth from 4QFY20 to 1QFY23?,reject,question_not_simple_point_reading,,
9739,d8c868577cf7aa461c48676845f7033911036d8f3d0a4219305538f576e74340,Historical closing price and target price changes for GAIL (INR) over a three-year period.,How much did the closing price of GAIL increase from 2023/01/01 to 2024/01/01?,reject,question_not_simple_point_reading,,
6646,d8c8f8a40bcb0e1740738341cfa75680df6c62405fec4d2418ab40ba204a738a,Figure 51: Hynix – DRAM Operating Profit (OP) Trends,Estimate the total change in DRAM operating profit from 2022F to 2025F in revised estimates.,reject,question_not_simple_point_reading,,
1393,db67d2c2bb172c18ed04accec2ee99101a07a8a5d47879d28ebe6dd7fedf44dd,Historical rating and target price changes for Maybank as of 26-Feb-2024,How many months elapsed between the first and last target price change marked on the chart?,reject,question_not_simple_point_reading,,
1286,dd4651477ec88bfa5719a1768e4e46448979d3084ce013b6c345644bf0c4d053,"Global Manufacturing PMI Trends Across US, China, and Eurozone",What was the PMI value for the US manufacturing sector in July 2020?,accept,primary_clean,direct,July2020
3944,dd4651477ec88bfa5719a1768e4e46448979d3084ce013b6c345644bf0c4d053,"Global Manufacturing PMI Trends Across US, China, and Eurozone",How many months did it take for the US PMI to recover above 50 after the 2020 drop?,reject,question_not_simple_point_reading,,
9572,dda21a383b402bc6f62c87e6f12704781c9dcd18144d60148c2d4cbd5f770eb8,5y Implied vs Realised Skew for NZDUSD Currency Pair Analysis,Calculate the slope of the dotted line fitted to the 'Higher forward' data points. What is the approximate value?,reject,question_not_simple_point_reading,,
1561,ddb7e37eb971c00b6cbfce252a45c9766fcc6d05f67a5628856a1e0459cb77fe,"Gland Pharma Stock Price, Target Price and Recommendation Changes as of 14-Feb-2024",What is the approximate total change in stock price from January 2021 to January 2024?,reject,question_not_simple_point_reading,,
5592,df8fd66d302df6cbcc861461e31b161d22f139dfbb49b06136db3672347b51e1,Fig. 10: Diagnostics Revenue Over Time (INR Mn),What was the total diagnostic revenue from 2020 to 2023?,reject,question_not_simple_point_reading,,
1246,dfa9fdd389c68d88ed62bfb7aa2338ae052ea8c0efb2e51a66182906cdd5b02b,Petronas Chemicals stock rating and target price history chart,Calculate the price difference between the highest and lowest closing prices over the period.,reject,question_not_simple_point_reading,,
1179,dfd942df17243df0c34834e70e3a783ba58d818e78dd2414fb132e4e8f568809,Fig. 14: Total Bulkcarrier Suez Canal Transits,Calculate the approximate decrease in GT from the peak in November 2023 to late January 2024.,reject,question_not_simple_point_reading,,
1566,e059927f5abaccdc035c218555c2c083281f712d2a7b692d48ef74a24c1dadeb,Q Technology stock performance with target price changes and recommendation changes since 2021.,What was the approximate decrease in Q Technology’s stock price from 2021/07/01 to 2024/01/01?,reject,question_not_simple_point_reading,,
5179,e059927f5abaccdc035c218555c2c083281f712d2a7b692d48ef74a24c1dadeb,Q Technology stock performance with target price changes and recommendation changes since 2021.,What was the approximate closing price of Q Technology stock at the beginning of 2022?,reject,target_is_interval_or_boundary_not_point,,
6877,e0b32a7b6a6fe28f7a6a7308e9dd6cc3ef70903cf1a4b15a89037b9cef6c5526,"Vodafone Idea - Price, Target, and Recommendation Changes (As of 27-Feb-2024, Currency = INR)",What is the percentage change in the closing price of Vodafone Idea from 2021/07/01 to 2024/01/01?,reject,question_not_simple_point_reading,,
1511,e0caa727e887dc896c865a9495d902e9a6c52407ec101fc5a95d3a8816f736ad,Figure 29: Outstanding Commercial Papers (CP) from June 2022 to January 2024 in INR billion,What is the approximate percentage change in commercial paper outstanding from June 2022 to January 2024?,accept,primary_clean,growth_rate,June2022 | January2024
6789,e150eb694f6cba64f636c70521d1c6b73ee0fea9d82b96388969c1fdeee612ec,"Stock performance chart for JD.com, displaying closing prices, target price changes, and recommendation changes from July 2021 to March 2024.",Calculate the approximate percentage decrease in JD.com's closing price from July 2021 to March 2024.,accept,exploratory_annotated,growth_rate,July2021 | March2024
9408,e150eb694f6cba64f636c70521d1c6b73ee0fea9d82b96388969c1fdeee612ec,"Stock performance chart for JD.com, displaying closing prices, target price changes, and recommendation changes from July 2021 to March 2024.",Calculate the approximate percentage decrease in JD.com's closing price from July 2021 to March 2024.,reject,one_question_per_chart,,
1154,e2f9539e4e5cacd1513ee511e53482ce3e2a02936a555049cacb4c4ac4443020,Fig. 3: Domestic formulation sales (INR mn) with 4-period moving average,Calculate the approximate increase in domestic formulation sales from 1Q FY16 to 3Q FY24 in INR mn.,reject,possible_bar_or_bar_line_combination,,
9466,e3dc86fcb346df8aa27ad1abfa0a62f8ea68fb4b5208a2035083616ba8df8ead,SK Hynix price and rating changes over time,Calculate the approximate percentage change in closing price from July 2021 to January 2022.,accept,exploratory_annotated,growth_rate,July2021 | January2022
2192,e41277a14c7a4b7ed5c4b09d2cf60fab65c04554a90c3661660c5a97a74e31e3,China Vanke - H stock performance and target price history over the past three years.,What is the total approximate decline in stock price from 2021/07/01 to 2024/01/01?,reject,question_not_simple_point_reading,,
6941,e41877e9fd9da70dc11507540363b3cc54e1bec57bf352faa91990d50fbd409b,"TVS Motor stock performance, target price changes, and recommendation changes as of 24-Jan-2024",Calculate the approximate percentage increase in the stock price from July 2021 to January 2024.,accept,exploratory_annotated,growth_rate,July2021 | January2024
7602,e47dd61b9a96a517f32ccf9c83d63f7a55c644fa2c351e99ce72aa53b1ff94e4,"Source: Company data, Nomura estimates",What is the difference between the highest and lowest values of Consumer (INR mn)?,reject,question_not_simple_point_reading,,
1522,e633813ad2cdc952c5fdaeb0da12ebcc663092c0716234b2ce5c8319cc461e1a,"Axis Bank's stock performance chart showing closing prices, target price changes, and recommendation changes over a three-year period.",Calculate the approximate percentage increase in the closing price from July 2021 to January 2024.,accept,exploratory_annotated,growth_rate,July2021 | January2024
5378,e73e17ca86be616a6c6cd8fce7aca119698255433d0869c54a04a3a1f4a6b94b,China Life Insurance as of 19-Mar-2024 closing price against target price changes and recommendation changes,"Based on the PB ratio of 0.78, what is the implied book value per share if the target price is HKD 14.76?",reject,question_not_simple_point_reading,,
3819,e859cdc8460d2bf5b349e65d4659ba598c3865ac7286bab6701b7f7d8f73b318,"Akeso stock performance with closing price, target price changes, and recommendation changes (July 2021 - March 2024)",What was the closing price of Akeso on 2023/07/01?,reject,question_not_simple_point_reading,,
6171,e859cdc8460d2bf5b349e65d4659ba598c3865ac7286bab6701b7f7d8f73b318,"Akeso stock performance with closing price, target price changes, and recommendation changes (July 2021 - March 2024)",What is the closing price difference between 2021/07/01 and 2024/01/01?,reject,question_not_simple_point_reading,,
10535,e9650c07e05ec8ed6ca917cf1bdaf25e6d5a5aebe841706873a6c20af33e000d,"Fortis Healthcare stock price, target price changes, and recommendation changes over a three-year period",Calculate the approximate percentage increase in the closing price from July 2021 to February 2024.,accept,exploratory_annotated,growth_rate,July2021 | February2024
4048,e9c03ff0d09a0045a747c7a12d6bde371ebc7c8e9d636c9d8e3481d966124398,Historical stock performance and target price changes for China Construction Bank (939 HK),What is the approximate difference between the closing prices on 2021/07/01 and 2024/01/01?,reject,question_not_simple_point_reading,,
10565,ea9e0a306c0d710eaee791a4eb80128073de473efce727784a10c1f84836fd21,MGL – Per unit EBITDA margin trend over time,What is the approximate difference in EBITDA between 1QFY24 and 1QFY23?,reject,possible_bar_or_bar_line_combination,,
4740,eac2436b964ad1afad3fe2fb809892e756612bb9a968e4aea35a6f5094b8965b,Fig. 3: Torrent vs IPM: Year-over-Year Percent Growth,Calculate the average growth of IPM from FY16 to FY20.,reject,question_not_simple_point_reading,,
10722,eb4fdd3e70d5964c0b317a8081f90b90bd32b45f8aee33afcd38285115cc04c3,10-Year Sovereign Rates Correlation Index Over Time,What is the approximate average value of the 10-year rates correlation index between 2005 and 2015?,reject,question_not_simple_point_reading,,
2043,ebf2596eca4114aef68fa6068d47dbd60275fc4db276e04da22592d7c6e3b1ec,"Historical stock performance of HDFC Bank showing closing prices, target price changes, and recommendation changes from LSEG and Nomura",Calculate the difference between the highest and lowest closing prices shown on the chart.,reject,question_not_simple_point_reading,,
8511,ed7c202597333d3590e04b85401094991b34c96b253896d781290f9e6c6322e7,HDFC Life Insurance stock performance chart with target price and recommendation changes,What was the closing price difference between 2023/01/01 and 2024/01/01?,reject,question_not_simple_point_reading,,
7454,ee6df5a23da64cc283d229bd56394635df9a5b7b1fe0b69d036b84d07bd7424e,"Source: Bloomberg, Nomura research",What is the approximate value of the chart at the end of January 2024?,reject,target_is_interval_or_boundary_not_point,,
4946,ee9c54bf5049ec7858f56705902b88c20d8516d9c82fdbe67a7cd839fbd73740,"Tech Mahindra stock price chart with target price changes and recommendation changes as of January 24, 2024.",Calculate the percentage change in Tech Mahindra's stock price from its peak in late 2021 to January 2024.,reject,question_not_simple_point_reading,,
3340,eeb66e26c95372651b8a314efcb803997a68afb4ed31bdaa56793d6c9b02e8e6,"Dr Reddy's Laboratories - Closing Price, Target Price Changes, and Recommendation Changes (as of 22-Feb-2024)",Calculate the percentage increase in closing price from 2021/07/01 to 2024/01/01.,reject,question_not_simple_point_reading,,
6281,eef81451e70402c0a0768b4d9c7fd4cf8d1189313bc01ff69452bb702e36d1bb,Kingdee stock performance and target price changes from July 2021 to February 2024,What was the approximate percentage decrease in Kingdee’s closing price from 2021/07/01 to 2024/01/01?,reject,question_not_simple_point_reading,,
6680,eef81451e70402c0a0768b4d9c7fd4cf8d1189313bc01ff69452bb702e36d1bb,Kingdee stock performance and target price changes from July 2021 to February 2024,What is the approximate average closing price between 2021/07/01 and 2023/07/01?,reject,question_not_simple_point_reading,,
10780,ef9e195e77fc3e23a6f2d2268266d2d4b7b844b22acdc3ddf429c51b72bf1819,"Doosan Fuel Cell closing prices, target price changes, and recommendation changes as of February 14, 2024, in KRW.",Calculate the approximate decline in closing price from the peak in 2021 to February 2024.,reject,question_not_simple_point_reading,,
2453,efe20d09daf419882d8fdf95c650a9c1e03db55ecb0f8ac270d4eac434fcc185,For explanation of ratings refer to the stock rating keys located after the chart,What is the price difference between the highest and lowest closing prices in 2023?,reject,question_not_simple_point_reading,,
1608,f123dfc886c11e95a7c241c5dcd73682f90fe68df8564beada52749a26575733,"Shriram Finance – P/BV trends, priced as of 25 Jan 2024",Calculate the approximate percentage increase of P/BV from its lowest point to January 2024.,reject,question_not_simple_point_reading,,
2886,f13763092f65a4d3652252a3c5eaded30b897e6b1e09e108f9bbc02f46c8d6ba,Fig. 4: MarFA™ Macro – JP Autos vs JP Banks,What is the approximate difference between the peak values of the two series in October 2023?,reject,question_not_simple_point_reading,,
3684,f22ac825f69b27892e8fed1e638a5bb82911974a8829986efede733fdef45c12,ASMedia Technology Inc. stock performance and recommendations over time,"Calculate the approximate percentage increase needed for the closing price to reach the target price of TWD 2,500 from TWD 1,885.",reject,question_not_simple_point_reading,,
7288,f27af9f61784027b0426ccbde32cca0500c50d5a289c0330fcad422c785c4642,JD.com three-year rating and target price history chart as of 24-Jan-2024,What is the approximate difference between the target price at 2022/07/01 and 2023/07/01?,reject,question_not_simple_point_reading,,
8422,f312b83f888da1a2ed92c1c63def34838345c1d4348fd4500a13e3e7dc4dd516,Hong Kong Exchanges and Clearing: Historical Closing and Target Price Chart with Recommendation Changes as of 18-Mar-2024,"What is the approximate decrease in closing price from its highest point in 2021 to its lowest point in 2022, in HKD?",reject,question_not_simple_point_reading,,
7877,f36a216191954e5bec7910a590f129bff6b11a1893564dcf92ee360f0bad1890,"Wuxi Bio - Closing Price, Target Price Change, and Recommendation Changes (As of 26-Jan-2024)",What is the difference in closing price between 2022/01/01 and 2023/07/01?,reject,question_not_simple_point_reading,,
7542,f41eb5eab7f7a7c28019bdc2bbc9d47f17bc8d4cc38002282967b275f1231c31,Eicher Motors closing prices and target price recommendations over three years.,Calculate the approximate average closing price over the first half of 2023.,reject,question_not_simple_point_reading,,
1715,f4af7a617b76834c08f761fd2b12ce288616c16a2fdf8defdbfe626ab719130f,"Fig. 7: Europe sales (INR mn). Strong y-y growth driven by respiratory portfolio. Source: Company data, Nomura estimates",What is the average sales value for Europe in FY24 until 2QFY24?,reject,question_not_simple_point_reading,,
1791,f624894a5bf9baec3035b2987f2d4b3692397087b22826530fba0ceeae80f690,"Shinsegae stock price and target price changes over time, as of 14-Feb-2024",What is the approximate percentage change in Shinsegae's closing price from the start to the end of the time period covered by the chart?,reject,question_not_simple_point_reading,,
4191,f9da93c3ba776e14247e2d81df20af10ec2d2b640825e64520fb4fbae36f6f85,"Hindustan Petroleum Corporation stock performance, target price changes, and recommendation changes over time",What is the percentage increase in stock price from 2021/07/01 to 2024/01/01?,reject,question_not_simple_point_reading,,
5948,f9da93c3ba776e14247e2d81df20af10ec2d2b640825e64520fb4fbae36f6f85,"Hindustan Petroleum Corporation stock performance, target price changes, and recommendation changes over time",By how much did the stock price increase between 2021/07/01 and 2024/01/01?,reject,question_not_simple_point_reading,,
9545,fa6d80afd24b7bc048e1b7f22c5e111ce26b067549281c253321d26f9c65d9fb,Fig. 25: Lupin: gProlensa market share,What is the difference in Lupin's market share between 5-Jan-24 and 26-Jan-24?,reject,question_not_simple_point_reading,,
4663,fa73a728b707cb3ed12a00c5466ff131dadd894994ff487417299cb50dad0b1f,"Federal Bank's price, target price, and recommendation changes over time",What is the average closing price of Federal Bank between 2022/01/01 and 2023/01/01?,reject,question_not_simple_point_reading,,
665,fac72504a34fc2bf05291c958dd4b6d90a6470a327c60472c2fde438c28917ce,Malaysia: Quarterly manufacturing GDP,What is the total growth percentage from 1Q21 to 1Q22?,reject,question_not_simple_point_reading,,
6358,fb91a8e3db3d24ead7853e8d05292918e4e3566df23690fd9fb1728c8d56c0b0,Closing and target price history with recommendation changes for Voltas as of 15-Feb-2024,Calculate the average closing price of Voltas for the years 2021 and 2023 based on the visible chart.,reject,question_not_simple_point_reading,,
7335,fc51e630b73a8dfd91f417fda6d9de087ab6fe1f5fbef76cf9915faad27cfa12,Zhejiang Jingsheng Mechanical & Electrical stock performance over time.,Calculate the price difference between 2023/01/01 and 2023/07/01.,reject,question_not_simple_point_reading,,
2165,fcb980c3218d3e09cea49f5750d5f5ba5892a395224acdf2ccfb216cc018e09b,Medplus Health Services Stock Performance Chart (As of 08-Feb-2024),What was the closing price of the stock on 2021/07/01?,reject,question_not_simple_point_reading,,
10271,fd25fdf94ba81da00fac1d98017f41bf754f37e3b7c738eb615e464e2943d04e,"Gujarat Gas three-year history of closing prices, target price changes, and recommendation changes as of 15-Feb-2024 (INR)",Calculate the percentage change in the closing price from July 2021 to February 2024.,accept,exploratory_annotated,growth_rate,July2021 | February2024
7698,fd5cc6a4dfa78d4d7c0e18bba58ca1448ada451be609303e664c606aba544052,"ICICI Prudential Life Insurance - Stock Price, Target Price, and Recommendation Changes over Three Years",What is the total change in stock price from 2021/07/01 to 2024/01/01?,reject,question_not_simple_point_reading,,
30,ff21ef41e42dcf5f8e584fb501de36a1fc3e89ae3f6d2f7e7571c1d6bed58f73,2y Rates Correlation Index from 2000 to 2024,What was the value of the 2y Rates Correlation Index around 2012?,reject,question_not_simple_point_reading,,
1926,ff21ef41e42dcf5f8e584fb501de36a1fc3e89ae3f6d2f7e7571c1d6bed58f73,2y Rates Correlation Index from 2000 to 2024,What is the average value of the 2y Rates Correlation Index from 2010 to 2015?,reject,question_not_simple_point_reading,,
3237,ff2207b98bef949def145047a95f743705646b254158b9712626bf0dbcbc393d,China game licenses issuance and monthly average approval (by year),What is the percentage increase in the number of licenses issued from October 2023 to January 2024?,reject,possible_bar_or_bar_line_combination,,
10323,ff2207b98bef949def145047a95f743705646b254158b9712626bf0dbcbc393d,China game licenses issuance and monthly average approval (by year),How much higher is the game license issuance in January 2024 compared to January 2023?,reject,possible_bar_or_bar_line_combination,,
10503,ffbe6d856bf148b7b4d11982cbd50f7be88e26b7801c5407d8ef57c3f152e52f,Spodumene concentrate (6%) price trend in China,What was the approximate average monthly decrease in spodumene prices from July 2023 to January 2024?,reject,question_not_simple_point_reading,,
